,formula,a_1,b_1,a_2,b_2,gap gllbsc
0,AgNbLaAlO6,Ag,Nb,La,Al,4.1645432
1,AgNbLaGaO6,Ag,Nb,La,Ga,4.454628775
2,AgNbLaInO6,Ag,Nb,La,In,4.192522296
3,AgNbMgTiO6,Ag,Nb,Mg,Ti,3.963856895
4,AgNbSnTiO6,Ag,Nb,Sn,Ti,2.881239408
5,AgNbYAlO6,Ag,Nb,Y,Al,3.958215489
6,AgTaAgNbO6,Ag,Ta,Ag,Nb,3.367340076
7,AgTaBaSnO6,Ag,Ta,Ba,Sn,4.115527804
8,AgTaBaTiO6,Ag,Ta,Ba,Ti,3.65187538
9,AgTaCaGeO6,Ag,Ta,Ca,Ge,4.596741977
10,AgTaCaSiO6,Ag,Ta,Ca,Si,4.787204683
11,AgTaCaSnO6,Ag,Ta,Ca,Sn,4.567418298
12,AgTaCaTiO6,Ag,Ta,Ca,Ti,3.856408782
13,AgTaCsNbO6,Ag,Ta,Cs,Nb,3.257419299
14,AgTaCsVO6,Ag,Ta,Cs,V,2.169553701
15,AgTaGaNbO6,Ag,Ta,Ga,Nb,1.784718332
16,AgTaGaTaO6,Ag,Ta,Ga,Ta,2.285462409
17,AgTaKNbO6,Ag,Ta,K,Nb,3.43280078
18,AgTaKSbO6,Ag,Ta,K,Sb,4.253437286
19,AgTaLaAlO6,Ag,Ta,La,Al,4.544527043
20,AgTaLaGaO6,Ag,Ta,La,Ga,4.428479438
21,AgTaLaInO6,Ag,Ta,La,In,4.598427211
22,AgTaLiNbO6,Ag,Ta,Li,Nb,3.554350261
23,AgTaLiVO6,Ag,Ta,Li,V,1.661856626
24,AgTaMgTiO6,Ag,Ta,Mg,Ti,4.541470588
25,AgTaNaNbO6,Ag,Ta,Na,Nb,3.523501827
26,AgTaNaSbO6,Ag,Ta,Na,Sb,4.383274568
27,AgTaNaVO6,Ag,Ta,Na,V,1.67087028
28,AgTaPbHfO6,Ag,Ta,Pb,Hf,4.468824182
29,AgTaPbTiO6,Ag,Ta,Pb,Ti,3.806312329
30,AgTaPbZrO6,Ag,Ta,Pb,Zr,4.43593134
31,AgTaRbNbO6,Ag,Ta,Rb,Nb,3.372019754
32,AgTaSnHfO6,Ag,Ta,Sn,Hf,3.676099376
33,AgTaSnTiO6,Ag,Ta,Sn,Ti,3.280047217
34,AgTaSnZrO6,Ag,Ta,Sn,Zr,3.671961049
35,AgTaSrGeO6,Ag,Ta,Sr,Ge,4.544428383
36,AgTaSrSiO6,Ag,Ta,Sr,Si,4.692218139
37,AgTaSrSnO6,Ag,Ta,Sr,Sn,4.170643623
38,AgTaSrTiO6,Ag,Ta,Sr,Ti,3.79098509
39,AgTaTlNbO6,Ag,Ta,Tl,Nb,1.792464465
40,AgTaYAlO6,Ag,Ta,Y,Al,4.914572548
41,BaHfAgNbO6,Ba,Hf,Ag,Nb,4.078047088
42,BaHfAgTaO6,Ba,Hf,Ag,Ta,4.189891965
43,BaHfBaSnO6,Ba,Hf,Ba,Sn,6.081554918
44,BaHfBaTiO6,Ba,Hf,Ba,Ti,4.617955975
45,BaHfBaZrO6,Ba,Hf,Ba,Zr,6.343123966
46,BaHfCaGeO6,Ba,Hf,Ca,Ge,6.350080917
47,BaHfCaHfO6,Ba,Hf,Ca,Hf,7.105780282
48,BaHfCaSiO6,Ba,Hf,Ca,Si,7.124555422
49,BaHfCaSnO6,Ba,Hf,Ca,Sn,6.149864419
50,BaHfCaTiO6,Ba,Hf,Ca,Ti,4.881718641
51,BaHfCaZrO6,Ba,Hf,Ca,Zr,6.793831407
52,BaHfCsNbO6,Ba,Hf,Cs,Nb,4.17192157
53,BaHfCsTaO6,Ba,Hf,Cs,Ta,4.954141388
54,BaHfCsVO6,Ba,Hf,Cs,V,2.024082776
55,BaHfGaNbO6,Ba,Hf,Ga,Nb,2.740038109
56,BaHfGaTaO6,Ba,Hf,Ga,Ta,3.468891843
57,BaHfInNbO6,Ba,Hf,In,Nb,1.490876326
58,BaHfInTaO6,Ba,Hf,In,Ta,2.148573734
59,BaHfKNbO6,Ba,Hf,K,Nb,4.237405144
60,BaHfKSbO6,Ba,Hf,K,Sb,5.319984256
61,BaHfKTaO6,Ba,Hf,K,Ta,5.043565766
62,BaHfLaAlO6,Ba,Hf,La,Al,6.842296397
63,BaHfLaGaO6,Ba,Hf,La,Ga,7.087096038
64,BaHfLaInO6,Ba,Hf,La,In,6.388361955
65,BaHfLaScO6,Ba,Hf,La,Sc,7.259237807
66,BaHfLiNbO6,Ba,Hf,Li,Nb,4.346862988
67,BaHfLiTaO6,Ba,Hf,Li,Ta,5.156989314
68,BaHfLiVO6,Ba,Hf,Li,V,1.950932284
69,BaHfMgTiO6,Ba,Hf,Mg,Ti,5.157325978
70,BaHfMgZrO6,Ba,Hf,Mg,Zr,7.180769915
71,BaHfNaNbO6,Ba,Hf,Na,Nb,4.323594526
72,BaHfNaSbO6,Ba,Hf,Na,Sb,5.605111851
73,BaHfNaTaO6,Ba,Hf,Na,Ta,5.133972612
74,BaHfNaVO6,Ba,Hf,Na,V,1.943310423
75,BaHfPbHfO6,Ba,Hf,Pb,Hf,5.861282859
76,BaHfPbTiO6,Ba,Hf,Pb,Ti,4.716210837
77,BaHfPbZrO6,Ba,Hf,Pb,Zr,5.798471802
78,BaHfRbNbO6,Ba,Hf,Rb,Nb,4.19891716
79,BaHfRbTaO6,Ba,Hf,Rb,Ta,4.999203073
80,BaHfSnHfO6,Ba,Hf,Sn,Hf,5.154654591
81,BaHfSnTiO6,Ba,Hf,Sn,Ti,4.117831884
82,BaHfSnZrO6,Ba,Hf,Sn,Zr,5.129260058
83,BaHfSrGeO6,Ba,Hf,Sr,Ge,6.108099686
84,BaHfSrHfO6,Ba,Hf,Sr,Hf,6.703417504
85,BaHfSrSiO6,Ba,Hf,Sr,Si,7.100622387
86,BaHfSrSnO6,Ba,Hf,Sr,Sn,6.260326191
87,BaHfSrTiO6,Ba,Hf,Sr,Ti,4.711382223
88,BaHfSrZrO6,Ba,Hf,Sr,Zr,6.459329422
89,BaHfTlNbO6,Ba,Hf,Tl,Nb,2.787349496
90,BaHfTlTaO6,Ba,Hf,Tl,Ta,3.519530094
91,BaHfYAlO6,Ba,Hf,Y,Al,7.467627553
92,BaSnAgNbO6,Ba,Sn,Ag,Nb,4.196255316
93,BaSnBaTiO6,Ba,Sn,Ba,Ti,4.610173391
94,BaSnCaGeO6,Ba,Sn,Ca,Ge,2.613094084
95,BaSnCaSiO6,Ba,Sn,Ca,Si,3.328665599
96,BaSnCaSnO6,Ba,Sn,Ca,Sn,3.237558695
97,BaSnCaTiO6,Ba,Sn,Ca,Ti,4.634935362
98,BaSnLaAlO6,Ba,Sn,La,Al,5.229700982
99,BaSnLaGaO6,Ba,Sn,La,Ga,3.753770355
100,BaSnLaInO6,Ba,Sn,La,In,3.824912325
101,BaSnLiNbO6,Ba,Sn,Li,Nb,4.985344912
102,BaSnLiVO6,Ba,Sn,Li,V,2.187158914
103,BaSnMgTiO6,Ba,Sn,Mg,Ti,4.682433617
104,BaSnMgZrO6,Ba,Sn,Mg,Zr,5.534709008
105,BaSnNaNbO6,Ba,Sn,Na,Nb,4.950429901
106,BaSnNaSbO6,Ba,Sn,Na,Sb,1.584677745
107,BaSnNaVO6,Ba,Sn,Na,V,2.182041303
108,BaSnSnTiO6,Ba,Sn,Sn,Ti,4.156500556
109,BaSnSrGeO6,Ba,Sn,Sr,Ge,1.902720005
110,BaSnSrSiO6,Ba,Sn,Sr,Si,3.060194418
111,BaSnSrSnO6,Ba,Sn,Sr,Sn,2.664761815
112,BaSnSrTiO6,Ba,Sn,Sr,Ti,4.845106688
113,BaTiAgNbO6,Ba,Ti,Ag,Nb,3.238934908
114,BaTiCaGeO6,Ba,Ti,Ca,Ge,4.544465349
115,BaTiCaSiO6,Ba,Ti,Ca,Si,4.314413855
116,BaTiCaSnO6,Ba,Ti,Ca,Sn,4.63511974
117,BaTiCaTiO6,Ba,Ti,Ca,Ti,3.834829908
118,BaTiCsNbO6,Ba,Ti,Cs,Nb,3.933396345
119,BaTiCsVO6,Ba,Ti,Cs,V,2.387688728
120,BaTiLaAlO6,Ba,Ti,La,Al,4.924750863
121,BaTiLaGaO6,Ba,Ti,La,Ga,5.227039321
122,BaTiLaInO6,Ba,Ti,La,In,5.084089538
123,BaTiLiNbO6,Ba,Ti,Li,Nb,3.463015828
124,BaTiLiVO6,Ba,Ti,Li,V,2.517040515
125,BaTiMgTiO6,Ba,Ti,Mg,Ti,4.287310033
126,BaTiMgZrO6,Ba,Ti,Mg,Zr,5.285884852
127,BaTiNaNbO6,Ba,Ti,Na,Nb,3.438581234
128,BaTiNaSbO6,Ba,Ti,Na,Sb,3.997105561
129,BaTiNaVO6,Ba,Ti,Na,V,2.180167758
130,BaTiSnTiO6,Ba,Ti,Sn,Ti,2.851249888
131,BaTiSrGeO6,Ba,Ti,Sr,Ge,4.35844875
132,BaTiSrSiO6,Ba,Ti,Sr,Si,4.207262042
133,BaTiSrSnO6,Ba,Ti,Sr,Sn,4.859086368
134,BaTiSrTiO6,Ba,Ti,Sr,Ti,3.773082118
135,BaTiTlTaO6,Ba,Ti,Tl,Ta,2.184473305
136,BaTiYAlO6,Ba,Ti,Y,Al,4.942037308
137,BaZrAgNbO6,Ba,Zr,Ag,Nb,4.048794437
138,BaZrAgTaO6,Ba,Zr,Ag,Ta,4.158986001
139,BaZrBaSnO6,Ba,Zr,Ba,Sn,6.142792824
140,BaZrBaTiO6,Ba,Zr,Ba,Ti,4.586349916
141,BaZrCaGeO6,Ba,Zr,Ca,Ge,5.912270768
142,BaZrCaSiO6,Ba,Zr,Ca,Si,6.640590237
143,BaZrCaSnO6,Ba,Zr,Ca,Sn,6.572670735
144,BaZrCaTiO6,Ba,Zr,Ca,Ti,4.883903763
145,BaZrCaZrO6,Ba,Zr,Ca,Zr,6.311282226
146,BaZrCsNbO6,Ba,Zr,Cs,Nb,4.133326334
147,BaZrCsTaO6,Ba,Zr,Cs,Ta,4.861702868
148,BaZrCsVO6,Ba,Zr,Cs,V,2.395969852
149,BaZrGaNbO6,Ba,Zr,Ga,Nb,2.741399812
150,BaZrGaTaO6,Ba,Zr,Ga,Ta,3.420362849
151,BaZrInNbO6,Ba,Zr,In,Nb,1.504016995
152,BaZrInTaO6,Ba,Zr,In,Ta,2.115610367
153,BaZrKNbO6,Ba,Zr,K,Nb,4.192233183
154,BaZrKSbO6,Ba,Zr,K,Sb,5.244987496
155,BaZrKTaO6,Ba,Zr,K,Ta,4.946851271
156,BaZrLaAlO6,Ba,Zr,La,Al,6.675560233
157,BaZrLaGaO6,Ba,Zr,La,Ga,6.801343992
158,BaZrLaInO6,Ba,Zr,La,In,6.468202648
159,BaZrLaScO6,Ba,Zr,La,Sc,6.949118842
160,BaZrLiNbO6,Ba,Zr,Li,Nb,4.294253113
161,BaZrLiTaO6,Ba,Zr,Li,Ta,5.060782046
162,BaZrLiVO6,Ba,Zr,Li,V,1.971169487
163,BaZrMgTiO6,Ba,Zr,Mg,Ti,5.389081221
164,BaZrMgZrO6,Ba,Zr,Mg,Zr,6.96083831
165,BaZrNaNbO6,Ba,Zr,Na,Nb,4.270644268
166,BaZrNaSbO6,Ba,Zr,Na,Sb,5.526897153
167,BaZrNaTaO6,Ba,Zr,Na,Ta,5.030675991
168,BaZrNaVO6,Ba,Zr,Na,V,1.958775816
169,BaZrPbHfO6,Ba,Zr,Pb,Hf,5.798203095
170,BaZrPbTiO6,Ba,Zr,Pb,Ti,4.688503642
171,BaZrPbZrO6,Ba,Zr,Pb,Zr,5.739209581
172,BaZrRbNbO6,Ba,Zr,Rb,Nb,4.158490708
173,BaZrRbTaO6,Ba,Zr,Rb,Ta,4.904996208
174,BaZrSnHfO6,Ba,Zr,Sn,Hf,5.129425153
175,BaZrSnTiO6,Ba,Zr,Sn,Ti,4.11156648
176,BaZrSnZrO6,Ba,Zr,Sn,Zr,5.112918696
177,BaZrSrGeO6,Ba,Zr,Sr,Ge,6.035786095
178,BaZrSrHfO6,Ba,Zr,Sr,Hf,6.459207069
179,BaZrSrSiO6,Ba,Zr,Sr,Si,6.576553008
180,BaZrSrSnO6,Ba,Zr,Sr,Sn,6.428286699
181,BaZrSrTiO6,Ba,Zr,Sr,Ti,4.67649105
182,BaZrSrZrO6,Ba,Zr,Sr,Zr,6.259867326
183,BaZrTlNbO6,Ba,Zr,Tl,Nb,2.79832233
184,BaZrTlTaO6,Ba,Zr,Tl,Ta,3.480467428
185,BaZrYAlO6,Ba,Zr,Y,Al,7.104402829
186,CaGeAgNbO6,Ca,Ge,Ag,Nb,4.220841195
187,CaGeCaSiO6,Ca,Ge,Ca,Si,4.171278359
188,CaGeCaSnO6,Ca,Ge,Ca,Sn,3.503853221
189,CaGeCaTiO6,Ca,Ge,Ca,Ti,4.802428919
190,CaGeLaAlO6,Ca,Ge,La,Al,5.708900913
191,CaGeLaGaO6,Ca,Ge,La,Ga,4.068071283
192,CaGeLaInO6,Ca,Ge,La,In,4.288775178
193,CaGeMgTiO6,Ca,Ge,Mg,Ti,5.224069822
194,CaGeSnTiO6,Ca,Ge,Sn,Ti,3.350439602
195,CaGeYAlO6,Ca,Ge,Y,Al,6.231533057
196,CaHfAgNbO6,Ca,Hf,Ag,Nb,4.219675653
197,CaHfAgTaO6,Ca,Hf,Ag,Ta,5.065212369
198,CaHfBaSnO6,Ca,Hf,Ba,Sn,6.318267248
199,CaHfBaTiO6,Ca,Hf,Ba,Ti,4.891229032
200,CaHfBaZrO6,Ca,Hf,Ba,Zr,6.78352084
201,CaHfCaGeO6,Ca,Hf,Ca,Ge,6.975336372
202,CaHfCaSiO6,Ca,Hf,Ca,Si,7.339484884
203,CaHfCaSnO6,Ca,Hf,Ca,Sn,6.545899417
204,CaHfCaTiO6,Ca,Hf,Ca,Ti,5.2391328
205,CaHfCaZrO6,Ca,Hf,Ca,Zr,7.019655916
206,CaHfCsNbO6,Ca,Hf,Cs,Nb,4.18714751
207,CaHfCsVO6,Ca,Hf,Cs,V,2.234427829
208,CaHfGaNbO6,Ca,Hf,Ga,Nb,2.259002479
209,CaHfGaTaO6,Ca,Hf,Ga,Ta,3.12564489
210,CaHfInNbO6,Ca,Hf,In,Nb,1.454858937
211,CaHfInTaO6,Ca,Hf,In,Ta,2.03089957
212,CaHfKNbO6,Ca,Hf,K,Nb,4.596569242
213,CaHfKSbO6,Ca,Hf,K,Sb,5.501346172
214,CaHfLaAlO6,Ca,Hf,La,Al,7.680848563
215,CaHfLaGaO6,Ca,Hf,La,Ga,7.195321372
216,CaHfLaInO6,Ca,Hf,La,In,6.615394048
217,CaHfLaScO6,Ca,Hf,La,Sc,7.286131811
218,CaHfLiNbO6,Ca,Hf,Li,Nb,4.85855487
219,CaHfLiVO6,Ca,Hf,Li,V,2.939415754
220,CaHfMgTiO6,Ca,Hf,Mg,Ti,5.757074701
221,CaHfMgZrO6,Ca,Hf,Mg,Zr,7.657304806
222,CaHfNaNbO6,Ca,Hf,Na,Nb,5.09102671
223,CaHfNaSbO6,Ca,Hf,Na,Sb,5.696946038
224,CaHfNaTaO6,Ca,Hf,Na,Ta,5.899206132
225,CaHfNaVO6,Ca,Hf,Na,V,2.576282825
226,CaHfPbHfO6,Ca,Hf,Pb,Hf,5.946077772
227,CaHfPbTiO6,Ca,Hf,Pb,Ti,4.343194061
228,CaHfPbZrO6,Ca,Hf,Pb,Zr,5.663239448
229,CaHfRbNbO6,Ca,Hf,Rb,Nb,4.347730015
230,CaHfSnHfO6,Ca,Hf,Sn,Hf,5.099139427
231,CaHfSnTiO6,Ca,Hf,Sn,Ti,3.395877585
232,CaHfSnZrO6,Ca,Hf,Sn,Zr,4.960405248
233,CaHfSrGeO6,Ca,Hf,Sr,Ge,6.296526494
234,CaHfSrHfO6,Ca,Hf,Sr,Hf,7.245106988
235,CaHfSrSiO6,Ca,Hf,Sr,Si,7.311458271
236,CaHfSrSnO6,Ca,Hf,Sr,Sn,6.441396629
237,CaHfSrTiO6,Ca,Hf,Sr,Ti,5.063213848
238,CaHfSrZrO6,Ca,Hf,Sr,Zr,7.258641193
239,CaHfTlNbO6,Ca,Hf,Tl,Nb,2.785946526
240,CaHfTlTaO6,Ca,Hf,Tl,Ta,3.488495574
241,CaHfYAlO6,Ca,Hf,Y,Al,8.019541754
242,CaSiAgNbO6,Ca,Si,Ag,Nb,3.835308947
243,CaSiCaSnO6,Ca,Si,Ca,Sn,4.523794734
244,CaSiCaTiO6,Ca,Si,Ca,Ti,4.563855279
245,CaSiLaAlO6,Ca,Si,La,Al,7.763296446
246,CaSiLaGaO6,Ca,Si,La,Ga,5.420695949
247,CaSiLaInO6,Ca,Si,La,In,5.447420818
248,CaSiMgTiO6,Ca,Si,Mg,Ti,4.905223459
249,CaSiSnTiO6,Ca,Si,Sn,Ti,2.549360828
250,CaSiYAlO6,Ca,Si,Y,Al,8.343255111
251,CaSnAgNbO6,Ca,Sn,Ag,Nb,3.845223245
252,CaSnCaTiO6,Ca,Sn,Ca,Ti,5.021395043
253,CaSnLaAlO6,Ca,Sn,La,Al,5.731598265
254,CaSnLaGaO6,Ca,Sn,La,Ga,4.421397112
255,CaSnLaInO6,Ca,Sn,La,In,4.332199336
256,CaSnMgTiO6,Ca,Sn,Mg,Ti,5.246768531
257,CaSnSnTiO6,Ca,Sn,Sn,Ti,2.72801287
258,CaSnYAlO6,Ca,Sn,Y,Al,5.902973047
259,CaTiAgNbO6,Ca,Ti,Ag,Nb,3.399832758
260,CaTiLaAlO6,Ca,Ti,La,Al,5.239331703
261,CaTiLaGaO6,Ca,Ti,La,Ga,5.340395495
262,CaTiLaInO6,Ca,Ti,La,In,5.218969424
263,CaTiMgTiO6,Ca,Ti,Mg,Ti,4.786930752
264,CaTiSnTiO6,Ca,Ti,Sn,Ti,2.795444748
265,CaTiYAlO6,Ca,Ti,Y,Al,5.421790832
266,CaZrAgNbO6,Ca,Zr,Ag,Nb,4.352637765
267,CaZrAgTaO6,Ca,Zr,Ag,Ta,5.00355801
268,CaZrBaSnO6,Ca,Zr,Ba,Sn,6.571947433
269,CaZrBaTiO6,Ca,Zr,Ba,Ti,4.941329535
270,CaZrCaGeO6,Ca,Zr,Ca,Ge,6.336280867
271,CaZrCaSiO6,Ca,Zr,Ca,Si,6.891564761
272,CaZrCaSnO6,Ca,Zr,Ca,Sn,6.688083161
273,CaZrCaTiO6,Ca,Zr,Ca,Ti,5.26054136
274,CaZrCsNbO6,Ca,Zr,Cs,Nb,4.287619027
275,CaZrCsVO6,Ca,Zr,Cs,V,2.604377392
276,CaZrGaNbO6,Ca,Zr,Ga,Nb,2.228163324
277,CaZrGaTaO6,Ca,Zr,Ga,Ta,3.014914456
278,CaZrInNbO6,Ca,Zr,In,Nb,1.456944238
279,CaZrInTaO6,Ca,Zr,In,Ta,2.057918429
280,CaZrKNbO6,Ca,Zr,K,Nb,4.630967138
281,CaZrKSbO6,Ca,Zr,K,Sb,5.399489278
282,CaZrLaAlO6,Ca,Zr,La,Al,6.792712674
283,CaZrLaGaO6,Ca,Zr,La,Ga,6.915401065
284,CaZrLaInO6,Ca,Zr,La,In,6.732697601
285,CaZrLaScO6,Ca,Zr,La,Sc,7.106711864
286,CaZrLiNbO6,Ca,Zr,Li,Nb,5.120245746
287,CaZrLiTaO6,Ca,Zr,Li,Ta,5.605585615
288,CaZrLiVO6,Ca,Zr,Li,V,3.120799521
289,CaZrMgTiO6,Ca,Zr,Mg,Ti,5.924793527
290,CaZrMgZrO6,Ca,Zr,Mg,Zr,7.080509925
291,CaZrNaNbO6,Ca,Zr,Na,Nb,5.162790192
292,CaZrNaSbO6,Ca,Zr,Na,Sb,5.537664127
293,CaZrNaTaO6,Ca,Zr,Na,Ta,5.939519026
294,CaZrNaVO6,Ca,Zr,Na,V,2.457278723
295,CaZrPbHfO6,Ca,Zr,Pb,Hf,5.966256093
296,CaZrPbTiO6,Ca,Zr,Pb,Ti,4.496582604
297,CaZrPbZrO6,Ca,Zr,Pb,Zr,5.921731313
298,CaZrRbNbO6,Ca,Zr,Rb,Nb,4.296312174
299,CaZrSnHfO6,Ca,Zr,Sn,Hf,4.966758775
300,CaZrSnTiO6,Ca,Zr,Sn,Ti,3.500428614
301,CaZrSrGeO6,Ca,Zr,Sr,Ge,6.114467667
302,CaZrSrHfO6,Ca,Zr,Sr,Hf,7.245451656
303,CaZrSrSiO6,Ca,Zr,Sr,Si,6.832765223
304,CaZrSrSnO6,Ca,Zr,Sr,Sn,6.724869435
305,CaZrSrTiO6,Ca,Zr,Sr,Ti,5.078140778
306,CaZrSrZrO6,Ca,Zr,Sr,Zr,6.802271822
307,CaZrTlNbO6,Ca,Zr,Tl,Nb,2.711079064
308,CaZrTlTaO6,Ca,Zr,Tl,Ta,3.399255554
309,CaZrYAlO6,Ca,Zr,Y,Al,7.690766219
310,CsNbAgNbO6,Cs,Nb,Ag,Nb,3.33017012
311,CsNbBaSnO6,Cs,Nb,Ba,Sn,4.222506347
312,CsNbCaGeO6,Cs,Nb,Ca,Ge,3.77620684
313,CsNbCaSiO6,Cs,Nb,Ca,Si,3.244987246
314,CsNbCaSnO6,Cs,Nb,Ca,Sn,4.0016578
315,CsNbCaTiO6,Cs,Nb,Ca,Ti,3.781984576
316,CsNbCsTaO6,Cs,Nb,Cs,Ta,3.431655002
317,CsNbGaNbO6,Cs,Nb,Ga,Nb,1.568671522
318,CsNbGaTaO6,Cs,Nb,Ga,Ta,1.689092986
319,CsNbInNbO6,Cs,Nb,In,Nb,0.772474049
320,CsNbKNbO6,Cs,Nb,K,Nb,3.371381999
321,CsNbKSbO6,Cs,Nb,K,Sb,3.252953266
322,CsNbLaAlO6,Cs,Nb,La,Al,3.970550913
323,CsNbLaGaO6,Cs,Nb,La,Ga,4.445701186
324,CsNbLaInO6,Cs,Nb,La,In,4.659075089
325,CsNbLiNbO6,Cs,Nb,Li,Nb,3.358618162
326,CsNbMgTiO6,Cs,Nb,Mg,Ti,3.70530303
327,CsNbMgZrO6,Cs,Nb,Mg,Zr,5.068744498
328,CsNbNaNbO6,Cs,Nb,Na,Nb,3.456134098
329,CsNbNaSbO6,Cs,Nb,Na,Sb,3.475302498
330,CsNbPbHfO6,Cs,Nb,Pb,Hf,4.125761782
331,CsNbPbTiO6,Cs,Nb,Pb,Ti,3.806622078
332,CsNbPbZrO6,Cs,Nb,Pb,Zr,4.100090389
333,CsNbRbNbO6,Cs,Nb,Rb,Nb,3.389681924
334,CsNbSnHfO6,Cs,Nb,Sn,Hf,3.837245653
335,CsNbSnTiO6,Cs,Nb,Sn,Ti,2.905831639
336,CsNbSnZrO6,Cs,Nb,Sn,Zr,3.396033234
337,CsNbSrGeO6,Cs,Nb,Sr,Ge,3.617636293
338,CsNbSrSiO6,Cs,Nb,Sr,Si,3.264936787
339,CsNbSrSnO6,Cs,Nb,Sr,Sn,4.520872076
340,CsNbSrTiO6,Cs,Nb,Sr,Ti,3.872904631
341,CsNbTlNbO6,Cs,Nb,Tl,Nb,2.10377581
342,CsNbYAlO6,Cs,Nb,Y,Al,3.724349822
343,CsTaAgNbO6,Cs,Ta,Ag,Nb,3.258149897
344,CsTaAgTaO6,Cs,Ta,Ag,Ta,3.808143901
345,CsTaBaSnO6,Cs,Ta,Ba,Sn,4.584905096
346,CsTaBaTiO6,Cs,Ta,Ba,Ti,3.902959037
347,CsTaCaGeO6,Cs,Ta,Ca,Ge,4.184887473
348,CsTaCaHfO6,Cs,Ta,Ca,Hf,4.97375148
349,CsTaCaSiO6,Cs,Ta,Ca,Si,4.136175518
350,CsTaCaSnO6,Cs,Ta,Ca,Sn,4.523695478
351,CsTaCaTiO6,Cs,Ta,Ca,Ti,3.849509114
352,CsTaCaZrO6,Cs,Ta,Ca,Zr,4.972347834
353,CsTaCsVO6,Cs,Ta,Cs,V,2.139696775
354,CsTaGaNbO6,Cs,Ta,Ga,Nb,1.689655245
355,CsTaGaTaO6,Cs,Ta,Ga,Ta,2.162289219
356,CsTaKNbO6,Cs,Ta,K,Nb,3.29564536
357,CsTaKSbO6,Cs,Ta,K,Sb,3.598247689
358,CsTaKTaO6,Cs,Ta,K,Ta,3.829263824
359,CsTaLaAlO6,Cs,Ta,La,Al,4.790851813
360,CsTaLaGaO6,Cs,Ta,La,Ga,5.274671803
361,CsTaLaInO6,Cs,Ta,La,In,5.039008801
362,CsTaLaScO6,Cs,Ta,La,Sc,5.224512176
363,CsTaLiNbO6,Cs,Ta,Li,Nb,3.3951785
364,CsTaLiTaO6,Cs,Ta,Li,Ta,3.91261728
365,CsTaLiVO6,Cs,Ta,Li,V,2.351802857
366,CsTaMgTiO6,Cs,Ta,Mg,Ti,3.791325966
367,CsTaMgZrO6,Cs,Ta,Mg,Zr,5.85854129
368,CsTaNaNbO6,Cs,Ta,Na,Nb,3.375315176
369,CsTaNaSbO6,Cs,Ta,Na,Sb,3.85601142
370,CsTaNaTaO6,Cs,Ta,Na,Ta,3.893347423
371,CsTaNaVO6,Cs,Ta,Na,V,2.0949465
372,CsTaPbHfO6,Cs,Ta,Pb,Hf,4.840162189
373,CsTaPbTiO6,Cs,Ta,Pb,Ti,3.441401642
374,CsTaPbZrO6,Cs,Ta,Pb,Zr,4.867170086
375,CsTaRbNbO6,Cs,Ta,Rb,Nb,3.239810056
376,CsTaRbTaO6,Cs,Ta,Rb,Ta,3.759439299
377,CsTaSnHfO6,Cs,Ta,Sn,Hf,3.975569031
378,CsTaSnTiO6,Cs,Ta,Sn,Ti,3.066637476
379,CsTaSnZrO6,Cs,Ta,Sn,Zr,4.550292742
380,CsTaSrGeO6,Cs,Ta,Sr,Ge,3.981506845
381,CsTaSrHfO6,Cs,Ta,Sr,Hf,5.048941056
382,CsTaSrSiO6,Cs,Ta,Sr,Si,4.170938456
383,CsTaSrSnO6,Cs,Ta,Sr,Sn,4.909403889
384,CsTaSrTiO6,Cs,Ta,Sr,Ti,3.506011227
385,CsTaSrZrO6,Cs,Ta,Sr,Zr,4.95376077
386,CsTaTlNbO6,Cs,Ta,Tl,Nb,2.277721909
387,CsTaTlTaO6,Cs,Ta,Tl,Ta,2.209663313
388,CsTaYAlO6,Cs,Ta,Y,Al,4.67918643
389,CsVBaSnO6,Cs,V,Ba,Sn,2.072447249
390,CsVCaGeO6,Cs,V,Ca,Ge,1.540581216
391,CsVCaSiO6,Cs,V,Ca,Si,1.083685684
392,CsVCaSnO6,Cs,V,Ca,Sn,1.797516438
393,CsVCaTiO6,Cs,V,Ca,Ti,2.424146688
394,CsVGaNbO6,Cs,V,Ga,Nb,0.725860475
395,CsVGaTaO6,Cs,V,Ga,Ta,0.427417209
396,CsVKSbO6,Cs,V,K,Sb,1.53383603
397,CsVLaAlO6,Cs,V,La,Al,1.617153328
398,CsVLaGaO6,Cs,V,La,Ga,1.929652967
399,CsVLaInO6,Cs,V,La,In,2.385279742
400,CsVLiVO6,Cs,V,Li,V,1.676047872
401,CsVMgZrO6,Cs,V,Mg,Zr,2.234714469
402,CsVNaSbO6,Cs,V,Na,Sb,1.663055524
403,CsVNaVO6,Cs,V,Na,V,1.695828684
404,CsVPbTiO6,Cs,V,Pb,Ti,2.173707247
405,CsVSnTiO6,Cs,V,Sn,Ti,1.531649409
406,CsVSrGeO6,Cs,V,Sr,Ge,1.535642736
407,CsVSrSiO6,Cs,V,Sr,Si,1.081372328
408,CsVSrSnO6,Cs,V,Sr,Sn,2.126154005
409,CsVSrTiO6,Cs,V,Sr,Ti,2.402826221
410,CsVTlTaO6,Cs,V,Tl,Ta,1.04242215
411,CsVYAlO6,Cs,V,Y,Al,1.373149472
412,GaNbAgNbO6,Ga,Nb,Ag,Nb,1.455146082
413,GaNbBaSnO6,Ga,Nb,Ba,Sn,3.13985473
414,GaNbBaTiO6,Ga,Nb,Ba,Ti,1.844905752
415,GaNbCaGeO6,Ga,Nb,Ca,Ge,2.128865476
416,GaNbCaSiO6,Ga,Nb,Ca,Si,1.379197283
417,GaNbCaSnO6,Ga,Nb,Ca,Sn,1.843996924
418,GaNbCaTiO6,Ga,Nb,Ca,Ti,1.464554512
419,GaNbLaAlO6,Ga,Nb,La,Al,2.126529305
420,GaNbLaGaO6,Ga,Nb,La,Ga,2.674483127
421,GaNbLaInO6,Ga,Nb,La,In,2.493512245
422,GaNbLiNbO6,Ga,Nb,Li,Nb,1.401236812
423,GaNbMgTiO6,Ga,Nb,Mg,Ti,1.202758352
424,GaNbMgZrO6,Ga,Nb,Mg,Zr,2.970601472
425,GaNbNaNbO6,Ga,Nb,Na,Nb,1.403098217
426,GaNbNaSbO6,Ga,Nb,Na,Sb,2.154979683
427,GaNbPbTiO6,Ga,Nb,Pb,Ti,1.511721496
428,GaNbSnTiO6,Ga,Nb,Sn,Ti,1.460795557
429,GaNbSrGeO6,Ga,Nb,Sr,Ge,2.167031343
430,GaNbSrSiO6,Ga,Nb,Sr,Si,1.440511905
431,GaNbSrSnO6,Ga,Nb,Sr,Sn,3.271136372
432,GaNbSrTiO6,Ga,Nb,Sr,Ti,1.487434643
433,GaNbYAlO6,Ga,Nb,Y,Al,1.671893478
434,GaTaAgNbO6,Ga,Ta,Ag,Nb,1.784907466
435,GaTaBaSnO6,Ga,Ta,Ba,Sn,3.486954934
436,GaTaBaTiO6,Ga,Ta,Ba,Ti,1.851214389
437,GaTaCaGeO6,Ga,Ta,Ca,Ge,2.921206721
438,GaTaCaSiO6,Ga,Ta,Ca,Si,2.257882411
439,GaTaCaSnO6,Ga,Ta,Ca,Sn,2.563279251
440,GaTaCaTiO6,Ga,Ta,Ca,Ti,1.842666325
441,GaTaGaNbO6,Ga,Ta,Ga,Nb,1.453259658
442,GaTaKNbO6,Ga,Ta,K,Nb,1.723389689
443,GaTaKSbO6,Ga,Ta,K,Sb,2.325015967
444,GaTaLaAlO6,Ga,Ta,La,Al,2.910652372
445,GaTaLaGaO6,Ga,Ta,La,Ga,3.453258672
446,GaTaLaInO6,Ga,Ta,La,In,3.425265999
447,GaTaLaScO6,Ga,Ta,La,Sc,3.262926712
448,GaTaLiNbO6,Ga,Ta,Li,Nb,1.730675149
449,GaTaMgTiO6,Ga,Ta,Mg,Ti,2.177120432
450,GaTaMgZrO6,Ga,Ta,Mg,Zr,3.255670251
451,GaTaNaNbO6,Ga,Ta,Na,Nb,1.73072672
452,GaTaNaSbO6,Ga,Ta,Na,Sb,2.542490811
453,GaTaPbTiO6,Ga,Ta,Pb,Ti,1.883185973
454,GaTaPbZrO6,Ga,Ta,Pb,Zr,3.467447345
455,GaTaRbNbO6,Ga,Ta,Rb,Nb,1.714869864
456,GaTaSnTiO6,Ga,Ta,Sn,Ti,1.835986128
457,GaTaSrGeO6,Ga,Ta,Sr,Ge,2.733559859
458,GaTaSrSiO6,Ga,Ta,Sr,Si,2.327024022
459,GaTaSrSnO6,Ga,Ta,Sr,Sn,3.714192995
460,GaTaSrTiO6,Ga,Ta,Sr,Ti,1.855608911
461,GaTaTlNbO6,Ga,Ta,Tl,Nb,1.474651584
462,GaTaTlTaO6,Ga,Ta,Tl,Ta,1.966914479
463,GaTaYAlO6,Ga,Ta,Y,Al,2.555522585
464,GeTiAgNbO6,Ge,Ti,Ag,Nb,2.840460427
465,GeTiAgTaO6,Ge,Ti,Ag,Ta,3.419571663
466,GeTiBaHfO6,Ge,Ti,Ba,Hf,4.160952852
467,GeTiBaSnO6,Ge,Ti,Ba,Sn,3.552575952
468,GeTiBaTiO6,Ge,Ti,Ba,Ti,3.190106777
469,GeTiBaZrO6,Ge,Ti,Ba,Zr,4.148723815
470,GeTiCaGeO6,Ge,Ti,Ca,Ge,3.248836082
471,GeTiCaHfO6,Ge,Ti,Ca,Hf,3.885293853
472,GeTiCaSiO6,Ge,Ti,Ca,Si,3.563046045
473,GeTiCaSnO6,Ge,Ti,Ca,Sn,3.331224808
474,GeTiCaTiO6,Ge,Ti,Ca,Ti,3.007996942
475,GeTiCaZrO6,Ge,Ti,Ca,Zr,3.893225008
476,GeTiCsNbO6,Ge,Ti,Cs,Nb,3.02429532
477,GeTiCsTaO6,Ge,Ti,Cs,Ta,3.254019469
478,GeTiCsVO6,Ge,Ti,Cs,V,1.834517323
479,GeTiGaNbO6,Ge,Ti,Ga,Nb,1.797455269
480,GeTiGaTaO6,Ge,Ti,Ga,Ta,2.269047123
481,GeTiInNbO6,Ge,Ti,In,Nb,0.989026589
482,GeTiInTaO6,Ge,Ti,In,Ta,1.143574754
483,GeTiKNbO6,Ge,Ti,K,Nb,2.948122057
484,GeTiKSbO6,Ge,Ti,K,Sb,3.049450929
485,GeTiKTaO6,Ge,Ti,K,Ta,3.408221117
486,GeTiLaAlO6,Ge,Ti,La,Al,4.01895421
487,GeTiLaGaO6,Ge,Ti,La,Ga,3.822508306
488,GeTiLaInO6,Ge,Ti,La,In,3.725860364
489,GeTiLaScO6,Ge,Ti,La,Sc,4.188933802
490,GeTiLiNbO6,Ge,Ti,Li,Nb,2.90126163
491,GeTiLiTaO6,Ge,Ti,Li,Ta,3.43696678
492,GeTiLiVO6,Ge,Ti,Li,V,1.430327721
493,GeTiMgTiO6,Ge,Ti,Mg,Ti,3.188325122
494,GeTiMgZrO6,Ge,Ti,Mg,Zr,3.893705018
495,GeTiNaNbO6,Ge,Ti,Na,Nb,2.767900919
496,GeTiNaSbO6,Ge,Ti,Na,Sb,3.04215647
497,GeTiNaTaO6,Ge,Ti,Na,Ta,3.398923557
498,GeTiNaVO6,Ge,Ti,Na,V,1.463812125
499,GeTiPbHfO6,Ge,Ti,Pb,Hf,4.156892394
500,GeTiPbTiO6,Ge,Ti,Pb,Ti,3.584303518
501,GeTiPbZrO6,Ge,Ti,Pb,Zr,4.235235964
502,GeTiRbNbO6,Ge,Ti,Rb,Nb,2.910860625
503,GeTiRbTaO6,Ge,Ti,Rb,Ta,3.33362419
504,GeTiSnHfO6,Ge,Ti,Sn,Hf,3.861168711
505,GeTiSnTiO6,Ge,Ti,Sn,Ti,2.741981864
506,GeTiSnZrO6,Ge,Ti,Sn,Zr,3.576358601
507,GeTiSrGeO6,Ge,Ti,Sr,Ge,3.339568708
508,GeTiSrHfO6,Ge,Ti,Sr,Hf,4.184483885
509,GeTiSrSiO6,Ge,Ti,Sr,Si,3.520429543
510,GeTiSrSnO6,Ge,Ti,Sr,Sn,3.597625931
511,GeTiSrTiO6,Ge,Ti,Sr,Ti,3.093917255
512,GeTiSrZrO6,Ge,Ti,Sr,Zr,4.125636681
513,GeTiTlNbO6,Ge,Ti,Tl,Nb,2.289670031
514,GeTiTlTaO6,Ge,Ti,Tl,Ta,2.508634061
515,GeTiYAlO6,Ge,Ti,Y,Al,3.701089196
516,InNbBaSnO6,In,Nb,Ba,Sn,1.66922478
517,InNbCaGeO6,In,Nb,Ca,Ge,0.796683747
518,InNbCaSnO6,In,Nb,Ca,Sn,1.90683703
519,InNbGaNbO6,In,Nb,Ga,Nb,0.128888784
520,InNbLaAlO6,In,Nb,La,Al,0.82273265
521,InNbLaGaO6,In,Nb,La,Ga,1.15967416
522,InNbLaInO6,In,Nb,La,In,1.745350249
523,InNbLiNbO6,In,Nb,Li,Nb,0.292528091
524,InNbMgTiO6,In,Nb,Mg,Ti,1.151989547
525,InNbMgZrO6,In,Nb,Mg,Zr,1.268264192
526,InNbNaNbO6,In,Nb,Na,Nb,0.10662043
527,InNbNaSbO6,In,Nb,Na,Sb,0.574152511
528,InNbSrGeO6,In,Nb,Sr,Ge,0.781410482
529,InNbSrSnO6,In,Nb,Sr,Sn,1.823241323
530,InNbYAlO6,In,Nb,Y,Al,0.63471935
531,InTaBaSnO6,In,Ta,Ba,Sn,1.909782068
532,InTaCaGeO6,In,Ta,Ca,Ge,1.127620733
533,InTaCaSnO6,In,Ta,Ca,Sn,1.237723535
534,InTaLaAlO6,In,Ta,La,Al,1.498605746
535,InTaLaInO6,In,Ta,La,In,2.261798705
536,InTaLaScO6,In,Ta,La,Sc,2.234428288
537,InTaNaSbO6,In,Ta,Na,Sb,0.818105099
538,InTaPbHfO6,In,Ta,Pb,Hf,2.199561857
539,InTaPbZrO6,In,Ta,Pb,Zr,2.166244692
540,InTaSnHfO6,In,Ta,Sn,Hf,2.150852251
541,InTaSnZrO6,In,Ta,Sn,Zr,2.123350206
542,InTaSrSiO6,In,Ta,Sr,Si,0.823857766
543,InTaSrSnO6,In,Ta,Sr,Sn,2.094100616
544,InTaYAlO6,In,Ta,Y,Al,1.302498436
545,KNbAgNbO6,K,Nb,Ag,Nb,3.062301209
546,KNbBaSnO6,K,Nb,Ba,Sn,4.749720638
547,KNbBaTiO6,K,Nb,Ba,Ti,3.817776997
548,KNbCaGeO6,K,Nb,Ca,Ge,4.509665846
549,KNbCaSiO6,K,Nb,Ca,Si,4.091124096
550,KNbCaSnO6,K,Nb,Ca,Sn,4.597100149
551,KNbCaTiO6,K,Nb,Ca,Ti,3.518675705
552,KNbGaNbO6,K,Nb,Ga,Nb,1.461851147
553,KNbKSbO6,K,Nb,K,Sb,3.900486075
554,KNbLaAlO6,K,Nb,La,Al,4.47746793
555,KNbLaGaO6,K,Nb,La,Ga,4.812455616
556,KNbLaInO6,K,Nb,La,In,4.894367785
557,KNbLiNbO6,K,Nb,Li,Nb,3.190324442
558,KNbMgTiO6,K,Nb,Mg,Ti,4.020037277
559,KNbMgZrO6,K,Nb,Mg,Zr,4.95899481
560,KNbNaNbO6,K,Nb,Na,Nb,3.160753757
561,KNbNaSbO6,K,Nb,Na,Sb,4.204154377
562,KNbPbTiO6,K,Nb,Pb,Ti,3.505501913
563,KNbRbNbO6,K,Nb,Rb,Nb,3.346984265
564,KNbSnTiO6,K,Nb,Sn,Ti,2.80800255
565,KNbSrGeO6,K,Nb,Sr,Ge,4.449250085
566,KNbSrSiO6,K,Nb,Sr,Si,3.980946504
567,KNbSrSnO6,K,Nb,Sr,Sn,4.96090882
568,KNbSrTiO6,K,Nb,Sr,Ti,3.452977088
569,KNbTlNbO6,K,Nb,Tl,Nb,1.839635631
570,KNbYAlO6,K,Nb,Y,Al,4.7281547
571,KSbAgNbO6,K,Sb,Ag,Nb,3.905838936
572,KSbBaTiO6,K,Sb,Ba,Ti,3.721262439
573,KSbCaGeO6,K,Sb,Ca,Ge,1.882994929
574,KSbCaSiO6,K,Sb,Ca,Si,2.732953318
575,KSbCaSnO6,K,Sb,Ca,Sn,2.713900428
576,KSbCaTiO6,K,Sb,Ca,Ti,4.271677539
577,KSbGaNbO6,K,Sb,Ga,Nb,1.968260223
578,KSbLaAlO6,K,Sb,La,Al,4.319046481
579,KSbLaGaO6,K,Sb,La,Ga,2.751327197
580,KSbLaInO6,K,Sb,La,In,3.368820572
581,KSbLiNbO6,K,Sb,Li,Nb,4.305385483
582,KSbLiVO6,K,Sb,Li,V,1.895420667
583,KSbMgTiO6,K,Sb,Mg,Ti,4.604765276
584,KSbMgZrO6,K,Sb,Mg,Zr,5.774517555
585,KSbNaNbO6,K,Sb,Na,Nb,4.209344679
586,KSbNaVO6,K,Sb,Na,V,1.877171235
587,KSbPbTiO6,K,Sb,Pb,Ti,3.967764744
588,KSbRbNbO6,K,Sb,Rb,Nb,3.689934172
589,KSbSnHfO6,K,Sb,Sn,Hf,4.021699995
590,KSbSnTiO6,K,Sb,Sn,Ti,3.131082711
591,KSbSrSiO6,K,Sb,Sr,Si,2.212024856
592,KSbSrSnO6,K,Sb,Sr,Sn,1.629370353
593,KSbSrTiO6,K,Sb,Sr,Ti,4.049643271
594,KSbTlNbO6,K,Sb,Tl,Nb,1.75729976
595,KSbYAlO6,K,Sb,Y,Al,4.558409892
596,KTaAgNbO6,K,Ta,Ag,Nb,3.433225646
597,KTaAgTaO6,K,Ta,Ag,Ta,3.966798043
598,KTaBaSnO6,K,Ta,Ba,Sn,5.196457856
599,KTaBaTiO6,K,Ta,Ba,Ti,3.753540391
600,KTaCaGeO6,K,Ta,Ca,Ge,5.429801846
601,KTaCaHfO6,K,Ta,Ca,Hf,5.46520753
602,KTaCaSiO6,K,Ta,Ca,Si,5.106337532
603,KTaCaSnO6,K,Ta,Ca,Sn,5.221454507
604,KTaCaTiO6,K,Ta,Ca,Ti,4.251020823
605,KTaCaZrO6,K,Ta,Ca,Zr,5.396139557
606,KTaCsNbO6,K,Ta,Cs,Nb,3.294911002
607,KTaCsVO6,K,Ta,Cs,V,2.274588477
608,KTaGaNbO6,K,Ta,Ga,Nb,1.72329943
609,KTaGaTaO6,K,Ta,Ga,Ta,2.210934079
610,KTaKNbO6,K,Ta,K,Nb,3.448861519
611,KTaKSbO6,K,Ta,K,Sb,4.372567795
612,KTaLaAlO6,K,Ta,La,Al,5.379821007
613,KTaLaGaO6,K,Ta,La,Ga,5.70532802
614,KTaLaInO6,K,Ta,La,In,5.816215972
615,KTaLaScO6,K,Ta,La,Sc,5.649467495
616,KTaLiNbO6,K,Ta,Li,Nb,3.572560671
617,KTaLiTaO6,K,Ta,Li,Ta,4.13821904
618,KTaLiVO6,K,Ta,Li,V,2.301864217
619,KTaMgTiO6,K,Ta,Mg,Ti,5.203062127
620,KTaMgZrO6,K,Ta,Mg,Zr,5.499681919
621,KTaNaNbO6,K,Ta,Na,Nb,3.540818105
622,KTaNaSbO6,K,Ta,Na,Sb,4.710700726
623,KTaNaTaO6,K,Ta,Na,Ta,4.105232239
624,KTaNaVO6,K,Ta,Na,V,1.977986049
625,KTaPbHfO6,K,Ta,Pb,Hf,5.212113424
626,KTaPbTiO6,K,Ta,Pb,Ti,3.929727131
627,KTaPbZrO6,K,Ta,Pb,Zr,5.116273478
628,KTaRbNbO6,K,Ta,Rb,Nb,3.385510444
629,KTaRbTaO6,K,Ta,Rb,Ta,3.939485875
630,KTaSnHfO6,K,Ta,Sn,Hf,4.123323475
631,KTaSnTiO6,K,Ta,Sn,Ti,3.196291471
632,KTaSnZrO6,K,Ta,Sn,Zr,4.092547044
633,KTaSrGeO6,K,Ta,Sr,Ge,5.134653758
634,KTaSrHfO6,K,Ta,Sr,Hf,5.157179336
635,KTaSrSiO6,K,Ta,Sr,Si,5.004405535
636,KTaSrSnO6,K,Ta,Sr,Sn,5.550200753
637,KTaSrTiO6,K,Ta,Sr,Ti,3.877403015
638,KTaSrZrO6,K,Ta,Sr,Zr,5.061804247
639,KTaTlNbO6,K,Ta,Tl,Nb,1.760505571
640,KTaTlTaO6,K,Ta,Tl,Ta,2.244292146
641,KTaYAlO6,K,Ta,Y,Al,5.733834897
642,LaAlLaGaO6,La,Al,La,Ga,6.766541856
643,LaAlLaInO6,La,Al,La,In,6.523672765
644,LaAlMgTiO6,La,Al,Mg,Ti,5.189103214
645,LaAlSnTiO6,La,Al,Sn,Ti,3.452664382
646,LaAlYAlO6,La,Al,Y,Al,7.493232168
647,LaGaLaInO6,La,Ga,La,In,5.0911409
648,LaGaMgTiO6,La,Ga,Mg,Ti,5.244393485
649,LaGaSnTiO6,La,Ga,Sn,Ti,4.003966794
650,LaGaYAlO6,La,Ga,Y,Al,6.95217569
651,LaInMgTiO6,La,In,Mg,Ti,5.177625765
652,LaInSnTiO6,La,In,Sn,Ti,3.324618535
653,LaInYAlO6,La,In,Y,Al,6.125274178
654,LaScAgNbO6,La,Sc,Ag,Nb,4.33272259
655,LaScAgTaO6,La,Sc,Ag,Ta,5.009320756
656,LaScBaSnO6,La,Sc,Ba,Sn,6.787878886
657,LaScBaTiO6,La,Sc,Ba,Ti,5.052614065
658,LaScCaGeO6,La,Sc,Ca,Ge,7.230272945
659,LaScCaSiO6,La,Sc,Ca,Si,7.136365745
660,LaScCaSnO6,La,Sc,Ca,Sn,6.652121121
661,LaScCaTiO6,La,Sc,Ca,Ti,5.360804586
662,LaScCsNbO6,La,Sc,Cs,Nb,4.414961176
663,LaScCsVO6,La,Sc,Cs,V,2.104586049
664,LaScGaNbO6,La,Sc,Ga,Nb,2.439044072
665,LaScInNbO6,La,Sc,In,Nb,1.623070352
666,LaScKNbO6,La,Sc,K,Nb,4.819276462
667,LaScKSbO6,La,Sc,K,Sb,5.827808786
668,LaScLaAlO6,La,Sc,La,Al,6.066795195
669,LaScLaGaO6,La,Sc,La,Ga,6.065509156
670,LaScLaInO6,La,Sc,La,In,6.687201247
671,LaScLiNbO6,La,Sc,Li,Nb,4.815912181
672,LaScLiTaO6,La,Sc,Li,Ta,5.566786019
673,LaScLiVO6,La,Sc,Li,V,2.829679604
674,LaScMgTiO6,La,Sc,Mg,Ti,5.328311049
675,LaScMgZrO6,La,Sc,Mg,Zr,7.318121814
676,LaScNaNbO6,La,Sc,Na,Nb,4.961520789
677,LaScNaSbO6,La,Sc,Na,Sb,6.025996426
678,LaScNaVO6,La,Sc,Na,V,2.340322481
679,LaScPbHfO6,La,Sc,Pb,Hf,5.582233225
680,LaScPbTiO6,La,Sc,Pb,Ti,5.02202552
681,LaScPbZrO6,La,Sc,Pb,Zr,5.69255743
682,LaScRbNbO6,La,Sc,Rb,Nb,4.729214611
683,LaScSnHfO6,La,Sc,Sn,Hf,5.144975193
684,LaScSnTiO6,La,Sc,Sn,Ti,3.53219192
685,LaScSnZrO6,La,Sc,Sn,Zr,5.033477645
686,LaScSrGeO6,La,Sc,Sr,Ge,7.046287532
687,LaScSrHfO6,La,Sc,Sr,Hf,7.331300549
688,LaScSrSiO6,La,Sc,Sr,Si,7.056130171
689,LaScSrSnO6,La,Sc,Sr,Sn,6.589774789
690,LaScSrTiO6,La,Sc,Sr,Ti,5.102706272
691,LaScSrZrO6,La,Sc,Sr,Zr,7.093181861
692,LaScTlNbO6,La,Sc,Tl,Nb,2.938221938
693,LaScTlTaO6,La,Sc,Tl,Ta,3.672398617
694,LaScYAlO6,La,Sc,Y,Al,7.503217509
695,LiNbAgNbO6,Li,Nb,Ag,Nb,3.196015637
696,LiNbCaGeO6,Li,Nb,Ca,Ge,4.659391641
697,LiNbCaSiO6,Li,Nb,Ca,Si,4.303741955
698,LiNbCaSnO6,Li,Nb,Ca,Sn,4.816024988
699,LiNbCaTiO6,Li,Nb,Ca,Ti,3.647495276
700,LiNbLaAlO6,Li,Nb,La,Al,4.578444546
701,LiNbLaGaO6,Li,Nb,La,Ga,4.680252029
702,LiNbLaInO6,Li,Nb,La,In,4.789109121
703,LiNbMgTiO6,Li,Nb,Mg,Ti,5.184540584
704,LiNbSnTiO6,Li,Nb,Sn,Ti,2.791704414
705,LiNbSrGeO6,Li,Nb,Sr,Ge,4.595673331
706,LiNbSrSnO6,Li,Nb,Sr,Sn,5.081040725
707,LiNbYAlO6,Li,Nb,Y,Al,5.004391786
708,LiTaAgNbO6,Li,Ta,Ag,Nb,3.554134478
709,LiTaAgTaO6,Li,Ta,Ag,Ta,4.076533852
710,LiTaBaSnO6,Li,Ta,Ba,Sn,5.588445276
711,LiTaBaTiO6,Li,Ta,Ba,Ti,3.879725309
712,LiTaCaGeO6,Li,Ta,Ca,Ge,5.709269761
713,LiTaCaHfO6,Li,Ta,Ca,Hf,5.736424391
714,LiTaCaSiO6,Li,Ta,Ca,Si,5.329736032
715,LiTaCaSnO6,Li,Ta,Ca,Sn,5.380446883
716,LiTaCaTiO6,Li,Ta,Ca,Ti,4.095229431
717,LiTaCsNbO6,Li,Ta,Cs,Nb,3.395525567
718,LiTaCsVO6,Li,Ta,Cs,V,2.599914523
719,LiTaGaNbO6,Li,Ta,Ga,Nb,1.730549506
720,LiTaGaTaO6,Li,Ta,Ga,Ta,2.22363242
721,LiTaKNbO6,Li,Ta,K,Nb,3.572092108
722,LiTaKSbO6,Li,Ta,K,Sb,4.815169799
723,LiTaLaAlO6,Li,Ta,La,Al,5.475204549
724,LiTaLaGaO6,Li,Ta,La,Ga,5.800399131
725,LiTaLaInO6,Li,Ta,La,In,5.462839196
726,LiTaLiNbO6,Li,Ta,Li,Nb,3.784446853
727,LiTaLiVO6,Li,Ta,Li,V,2.046245105
728,LiTaMgTiO6,Li,Ta,Mg,Ti,5.556495063
729,LiTaMgZrO6,Li,Ta,Mg,Zr,6.196617848
730,LiTaNaNbO6,Li,Ta,Na,Nb,3.680948662
731,LiTaNaSbO6,Li,Ta,Na,Sb,5.200533194
732,LiTaNaTaO6,Li,Ta,Na,Ta,4.252210484
733,LiTaNaVO6,Li,Ta,Na,V,2.545787213
734,LiTaPbHfO6,Li,Ta,Pb,Hf,5.216893252
735,LiTaPbTiO6,Li,Ta,Pb,Ti,4.072581019
736,LiTaPbZrO6,Li,Ta,Pb,Zr,5.087064944
737,LiTaRbNbO6,Li,Ta,Rb,Nb,3.510160202
738,LiTaSnHfO6,Li,Ta,Sn,Hf,4.033662859
739,LiTaSnTiO6,Li,Ta,Sn,Ti,3.193104076
740,LiTaSnZrO6,Li,Ta,Sn,Zr,4.001917779
741,LiTaSrGeO6,Li,Ta,Sr,Ge,5.630547119
742,LiTaSrHfO6,Li,Ta,Sr,Hf,5.270828814
743,LiTaSrSiO6,Li,Ta,Sr,Si,5.238077372
744,LiTaSrSnO6,Li,Ta,Sr,Sn,5.96871878
745,LiTaSrTiO6,Li,Ta,Sr,Ti,4.014617303
746,LiTaTlNbO6,Li,Ta,Tl,Nb,1.757873497
747,LiTaTlTaO6,Li,Ta,Tl,Ta,2.248528162
748,LiTaYAlO6,Li,Ta,Y,Al,6.007036608
749,LiVAgNbO6,Li,V,Ag,Nb,2.152959222
750,LiVCaGeO6,Li,V,Ca,Ge,2.638234338
751,LiVCaSiO6,Li,V,Ca,Si,1.748630683
752,LiVCaSnO6,Li,V,Ca,Sn,2.241717159
753,LiVCaTiO6,Li,V,Ca,Ti,3.037879554
754,LiVCsNbO6,Li,V,Cs,Nb,2.733391795
755,LiVKNbO6,Li,V,K,Nb,2.205816478
756,LiVLaAlO6,Li,V,La,Al,2.385917639
757,LiVLaGaO6,Li,V,La,Ga,2.399066466
758,LiVLaInO6,Li,V,La,In,2.757312288
759,LiVLiNbO6,Li,V,Li,Nb,2.293919511
760,LiVMgTiO6,Li,V,Mg,Ti,3.316236372
761,LiVRbNbO6,Li,V,Rb,Nb,2.267615615
762,LiVSnTiO6,Li,V,Sn,Ti,0.814423789
763,LiVSrSnO6,Li,V,Sr,Sn,2.206413884
764,LiVTlNbO6,Li,V,Tl,Nb,0.371308878
765,LiVYAlO6,Li,V,Y,Al,2.263499247
766,MgTiSnTiO6,Mg,Ti,Sn,Ti,2.321158509
767,MgTiYAlO6,Mg,Ti,Y,Al,5.332891749
768,MgZrAgNbO6,Mg,Zr,Ag,Nb,4.547511185
769,MgZrAgTaO6,Mg,Zr,Ag,Ta,4.931917058
770,MgZrCaGeO6,Mg,Zr,Ca,Ge,6.476064938
771,MgZrCaSiO6,Mg,Zr,Ca,Si,7.780486817
772,MgZrCaSnO6,Mg,Zr,Ca,Sn,6.514943947
773,MgZrCaTiO6,Mg,Zr,Ca,Ti,5.92861799
774,MgZrInTaO6,Mg,Zr,In,Ta,2.058860702
775,MgZrLaAlO6,Mg,Zr,La,Al,7.244306501
776,MgZrLaGaO6,Mg,Zr,La,Ga,6.972198503
777,MgZrLaInO6,Mg,Zr,La,In,6.202966753
778,MgZrLiNbO6,Mg,Zr,Li,Nb,5.014033707
779,MgZrLiVO6,Mg,Zr,Li,V,3.388074816
780,MgZrMgTiO6,Mg,Zr,Mg,Ti,5.855148192
781,MgZrNaNbO6,Mg,Zr,Na,Nb,5.722109937
782,MgZrNaSbO6,Mg,Zr,Na,Sb,5.816665475
783,MgZrNaVO6,Mg,Zr,Na,V,3.175799158
784,MgZrPbHfO6,Mg,Zr,Pb,Hf,5.131563185
785,MgZrPbTiO6,Mg,Zr,Pb,Ti,4.57721179
786,MgZrPbZrO6,Mg,Zr,Pb,Zr,5.703907938
787,MgZrRbNbO6,Mg,Zr,Rb,Nb,5.208754396
788,MgZrSnHfO6,Mg,Zr,Sn,Hf,4.845414529
789,MgZrSnTiO6,Mg,Zr,Sn,Ti,3.285225476
790,MgZrSnZrO6,Mg,Zr,Sn,Zr,4.79223757
791,MgZrSrGeO6,Mg,Zr,Sr,Ge,5.950811102
792,MgZrSrSiO6,Mg,Zr,Sr,Si,7.353328806
793,MgZrSrSnO6,Mg,Zr,Sr,Sn,6.360185946
794,MgZrSrTiO6,Mg,Zr,Sr,Ti,5.734546456
795,MgZrTlNbO6,Mg,Zr,Tl,Nb,3.544579097
796,MgZrTlTaO6,Mg,Zr,Tl,Ta,4.248901231
797,MgZrYAlO6,Mg,Zr,Y,Al,7.555574901
798,NaNbAgNbO6,Na,Nb,Ag,Nb,3.139328058
799,NaNbCaGeO6,Na,Nb,Ca,Ge,4.62174398
800,NaNbCaSiO6,Na,Nb,Ca,Si,4.24087257
801,NaNbCaSnO6,Na,Nb,Ca,Sn,4.925651545
802,NaNbCaTiO6,Na,Nb,Ca,Ti,4.451940278
803,NaNbLaAlO6,Na,Nb,La,Al,4.557970413
804,NaNbLaGaO6,Na,Nb,La,Ga,4.913052241
805,NaNbLaInO6,Na,Nb,La,In,5.013442147
806,NaNbLiNbO6,Na,Nb,Li,Nb,3.659244615
807,NaNbLiVO6,Na,Nb,Li,V,2.760541559
808,NaNbMgTiO6,Na,Nb,Mg,Ti,5.159811711
809,NaNbNaSbO6,Na,Nb,Na,Sb,4.537857987
810,NaNbNaVO6,Na,Nb,Na,V,2.744136121
811,NaNbSnTiO6,Na,Nb,Sn,Ti,2.796893306
812,NaNbSrGeO6,Na,Nb,Sr,Ge,4.563114357
813,NaNbSrSiO6,Na,Nb,Sr,Si,4.111084921
814,NaNbSrSnO6,Na,Nb,Sr,Sn,5.055755556
815,NaNbSrTiO6,Na,Nb,Sr,Ti,3.546993655
816,NaNbYAlO6,Na,Nb,Y,Al,4.904866831
817,NaSbAgNbO6,Na,Sb,Ag,Nb,4.154201606
818,NaSbCaGeO6,Na,Sb,Ca,Ge,2.826551875
819,NaSbCaSiO6,Na,Sb,Ca,Si,3.831576869
820,NaSbCaSnO6,Na,Sb,Ca,Sn,3.14998536
821,NaSbCaTiO6,Na,Sb,Ca,Ti,4.569549916
822,NaSbLaAlO6,Na,Sb,La,Al,4.720018949
823,NaSbLaGaO6,Na,Sb,La,Ga,3.114709108
824,NaSbLaInO6,Na,Sb,La,In,3.909197233
825,NaSbLiNbO6,Na,Sb,Li,Nb,4.652893468
826,NaSbLiVO6,Na,Sb,Li,V,2.521096508
827,NaSbMgTiO6,Na,Sb,Mg,Ti,4.316566414
828,NaSbNaVO6,Na,Sb,Na,V,1.933565235
829,NaSbSnTiO6,Na,Sb,Sn,Ti,3.277038807
830,NaSbSrGeO6,Na,Sb,Sr,Ge,2.10329495
831,NaSbSrSiO6,Na,Sb,Sr,Si,2.87021297
832,NaSbSrSnO6,Na,Sb,Sr,Sn,2.010337533
833,NaSbSrTiO6,Na,Sb,Sr,Ti,4.337563243
834,NaSbYAlO6,Na,Sb,Y,Al,5.345071995
835,NaTaAgNbO6,Na,Ta,Ag,Nb,3.523243739
836,NaTaAgTaO6,Na,Ta,Ag,Ta,4.048614558
837,NaTaBaSnO6,Na,Ta,Ba,Sn,5.488531427
838,NaTaBaTiO6,Na,Ta,Ba,Ti,3.851203471
839,NaTaCaGeO6,Na,Ta,Ca,Ge,5.672504696
840,NaTaCaSiO6,Na,Ta,Ca,Si,5.285961533
841,NaTaCaSnO6,Na,Ta,Ca,Sn,5.618239319
842,NaTaCaTiO6,Na,Ta,Ca,Ti,4.063019945
843,NaTaCsNbO6,Na,Ta,Cs,Nb,3.37538625
844,NaTaCsVO6,Na,Ta,Cs,V,2.363009793
845,NaTaGaNbO6,Na,Ta,Ga,Nb,1.730621385
846,NaTaGaTaO6,Na,Ta,Ga,Ta,2.222919423
847,NaTaKNbO6,Na,Ta,K,Nb,3.540237672
848,NaTaKSbO6,Na,Ta,K,Sb,4.704438422
849,NaTaLaAlO6,Na,Ta,La,Al,5.463483714
850,NaTaLaGaO6,Na,Ta,La,Ga,5.783047389
851,NaTaLaInO6,Na,Ta,La,In,5.796447733
852,NaTaLaScO6,Na,Ta,La,Sc,5.81349461
853,NaTaLiNbO6,Na,Ta,Li,Nb,3.680629719
854,NaTaLiVO6,Na,Ta,Li,V,2.329410389
855,NaTaMgTiO6,Na,Ta,Mg,Ti,5.507143417
856,NaTaMgZrO6,Na,Ta,Mg,Zr,6.569568849
857,NaTaNaNbO6,Na,Ta,Na,Nb,3.647117014
858,NaTaNaSbO6,Na,Ta,Na,Sb,5.074337872
859,NaTaNaVO6,Na,Ta,Na,V,2.169068677
860,NaTaPbHfO6,Na,Ta,Pb,Hf,5.305299178
861,NaTaPbTiO6,Na,Ta,Pb,Ti,4.039463554
862,NaTaPbZrO6,Na,Ta,Pb,Zr,5.216403865
863,NaTaRbNbO6,Na,Ta,Rb,Nb,3.480014569
864,NaTaSnHfO6,Na,Ta,Sn,Hf,3.914535872
865,NaTaSnTiO6,Na,Ta,Sn,Ti,3.195873205
866,NaTaSnZrO6,Na,Ta,Sn,Zr,3.898925658
867,NaTaSrGeO6,Na,Ta,Sr,Ge,5.506571885
868,NaTaSrHfO6,Na,Ta,Sr,Hf,5.245269065
869,NaTaSrSiO6,Na,Ta,Sr,Si,5.199998746
870,NaTaSrSnO6,Na,Ta,Sr,Sn,5.861567096
871,NaTaSrTiO6,Na,Ta,Sr,Ti,3.984039403
872,NaTaSrZrO6,Na,Ta,Sr,Zr,5.150326621
873,NaTaTlNbO6,Na,Ta,Tl,Nb,1.759992136
874,NaTaTlTaO6,Na,Ta,Tl,Ta,2.248121897
875,NaTaYAlO6,Na,Ta,Y,Al,5.979767534
876,NaVAgNbO6,Na,V,Ag,Nb,2.024041846
877,NaVCaGeO6,Na,V,Ca,Ge,2.040410527
878,NaVCaSiO6,Na,V,Ca,Si,1.556374115
879,NaVCaSnO6,Na,V,Ca,Sn,2.198835873
880,NaVCaTiO6,Na,V,Ca,Ti,2.748175665
881,NaVKNbO6,Na,V,K,Nb,2.30764797
882,NaVLaAlO6,Na,V,La,Al,2.104043702
883,NaVLaGaO6,Na,V,La,Ga,2.327056312
884,NaVLaInO6,Na,V,La,In,2.544322997
885,NaVLiNbO6,Na,V,Li,Nb,2.81010926
886,NaVLiVO6,Na,V,Li,V,1.782964202
887,NaVMgTiO6,Na,V,Mg,Ti,2.975484912
888,NaVRbNbO6,Na,V,Rb,Nb,2.345476269
889,NaVSnTiO6,Na,V,Sn,Ti,0.833213251
890,NaVSrGeO6,Na,V,Sr,Ge,1.851035372
891,NaVSrSiO6,Na,V,Sr,Si,1.548547901
892,NaVSrSnO6,Na,V,Sr,Sn,2.194622653
893,NaVSrTiO6,Na,V,Sr,Ti,2.053965934
894,NaVTlNbO6,Na,V,Tl,Nb,0.48533037
895,NaVYAlO6,Na,V,Y,Al,2.225434488
896,PbHfAgNbO6,Pb,Hf,Ag,Nb,4.224152118
897,PbHfBaSnO6,Pb,Hf,Ba,Sn,5.867489513
898,PbHfBaTiO6,Pb,Hf,Ba,Ti,4.715173396
899,PbHfCaGeO6,Pb,Hf,Ca,Ge,5.438871864
900,PbHfCaSiO6,Pb,Hf,Ca,Si,6.23205056
901,PbHfCaSnO6,Pb,Hf,Ca,Sn,6.036393612
902,PbHfCaTiO6,Pb,Hf,Ca,Ti,4.381883728
903,PbHfCsVO6,Pb,Hf,Cs,V,1.830093634
904,PbHfGaNbO6,Pb,Hf,Ga,Nb,2.729158284
905,PbHfGaTaO6,Pb,Hf,Ga,Ta,3.513598295
906,PbHfInNbO6,Pb,Hf,In,Nb,1.491118527
907,PbHfKNbO6,Pb,Hf,K,Nb,4.347420461
908,PbHfKSbO6,Pb,Hf,K,Sb,5.483723223
909,PbHfLaAlO6,Pb,Hf,La,Al,6.240145632
910,PbHfLaGaO6,Pb,Hf,La,Ga,6.330118621
911,PbHfLaInO6,Pb,Hf,La,In,5.39337693
912,PbHfLiNbO6,Pb,Hf,Li,Nb,4.317254424
913,PbHfLiVO6,Pb,Hf,Li,V,1.971901666
914,PbHfMgTiO6,Pb,Hf,Mg,Ti,4.089321614
915,PbHfNaNbO6,Pb,Hf,Na,Nb,4.135896987
916,PbHfNaSbO6,Pb,Hf,Na,Sb,5.76696615
917,PbHfNaVO6,Pb,Hf,Na,V,1.9634335
918,PbHfPbTiO6,Pb,Hf,Pb,Ti,4.510073988
919,PbHfPbZrO6,Pb,Hf,Pb,Zr,5.083910042
920,PbHfRbNbO6,Pb,Hf,Rb,Nb,4.294597438
921,PbHfSnHfO6,Pb,Hf,Sn,Hf,4.399268884
922,PbHfSnTiO6,Pb,Hf,Sn,Ti,3.97386115
923,PbHfSnZrO6,Pb,Hf,Sn,Zr,4.38249106
924,PbHfSrGeO6,Pb,Hf,Sr,Ge,6.239783015
925,PbHfSrSiO6,Pb,Hf,Sr,Si,6.223094959
926,PbHfSrSnO6,Pb,Hf,Sr,Sn,5.969245121
927,PbHfSrTiO6,Pb,Hf,Sr,Ti,4.511809568
928,PbHfTlNbO6,Pb,Hf,Tl,Nb,2.759636618
929,PbHfTlTaO6,Pb,Hf,Tl,Ta,3.520176139
930,PbHfYAlO6,Pb,Hf,Y,Al,5.658814835
931,PbTiAgNbO6,Pb,Ti,Ag,Nb,3.374084532
932,PbTiBaSnO6,Pb,Ti,Ba,Sn,4.748196307
933,PbTiBaTiO6,Pb,Ti,Ba,Ti,3.64716967
934,PbTiCaGeO6,Pb,Ti,Ca,Ge,4.326039143
935,PbTiCaSiO6,Pb,Ti,Ca,Si,3.616892582
936,PbTiCaSnO6,Pb,Ti,Ca,Sn,3.866511669
937,PbTiCaTiO6,Pb,Ti,Ca,Ti,3.759636442
938,PbTiLaAlO6,Pb,Ti,La,Al,4.438175554
939,PbTiLaGaO6,Pb,Ti,La,Ga,4.949207085
940,PbTiLaInO6,Pb,Ti,La,In,4.37995343
941,PbTiLiNbO6,Pb,Ti,Li,Nb,3.632440439
942,PbTiLiVO6,Pb,Ti,Li,V,1.564150221
943,PbTiMgTiO6,Pb,Ti,Mg,Ti,3.54079145
944,PbTiNaNbO6,Pb,Ti,Na,Nb,3.603454802
945,PbTiNaSbO6,Pb,Ti,Na,Sb,4.20100595
946,PbTiNaVO6,Pb,Ti,Na,V,2.078686619
947,PbTiSnTiO6,Pb,Ti,Sn,Ti,2.740887039
948,PbTiSrGeO6,Pb,Ti,Sr,Ge,4.214439804
949,PbTiSrSiO6,Pb,Ti,Sr,Si,3.639510723
950,PbTiSrSnO6,Pb,Ti,Sr,Sn,4.982430469
951,PbTiSrTiO6,Pb,Ti,Sr,Ti,3.754054864
952,PbTiTlNbO6,Pb,Ti,Tl,Nb,2.253986807
953,PbTiYAlO6,Pb,Ti,Y,Al,3.887638405
954,PbZrAgNbO6,Pb,Zr,Ag,Nb,4.166115284
955,PbZrBaSnO6,Pb,Zr,Ba,Sn,5.796148247
956,PbZrBaTiO6,Pb,Zr,Ba,Ti,4.688502615
957,PbZrCaGeO6,Pb,Zr,Ca,Ge,6.26137224
958,PbZrCaSiO6,Pb,Zr,Ca,Si,6.062284869
959,PbZrCaSnO6,Pb,Zr,Ca,Sn,5.978942608
960,PbZrCaTiO6,Pb,Zr,Ca,Ti,4.347411697
961,PbZrCsVO6,Pb,Zr,Cs,V,2.327454613
962,PbZrGaNbO6,Pb,Zr,Ga,Nb,2.728501752
963,PbZrInNbO6,Pb,Zr,In,Nb,1.502295363
964,PbZrKNbO6,Pb,Zr,K,Nb,4.301584994
965,PbZrKSbO6,Pb,Zr,K,Sb,5.411015669
966,PbZrLaAlO6,Pb,Zr,La,Al,6.123085031
967,PbZrLaGaO6,Pb,Zr,La,Ga,5.792527133
968,PbZrLaInO6,Pb,Zr,La,In,5.413060914
969,PbZrLiNbO6,Pb,Zr,Li,Nb,4.322954385
970,PbZrLiVO6,Pb,Zr,Li,V,1.984307728
971,PbZrMgTiO6,Pb,Zr,Mg,Ti,4.199383995
972,PbZrNaNbO6,Pb,Zr,Na,Nb,4.26853485
973,PbZrNaSbO6,Pb,Zr,Na,Sb,5.661587712
974,PbZrNaVO6,Pb,Zr,Na,V,1.975980895
975,PbZrPbTiO6,Pb,Zr,Pb,Ti,4.486692552
976,PbZrRbNbO6,Pb,Zr,Rb,Nb,4.42595383
977,PbZrSnHfO6,Pb,Zr,Sn,Hf,4.382511212
978,PbZrSnTiO6,Pb,Zr,Sn,Ti,3.967840494
979,PbZrSnZrO6,Pb,Zr,Sn,Zr,4.372622984
980,PbZrSrGeO6,Pb,Zr,Sr,Ge,6.143619812
981,PbZrSrSiO6,Pb,Zr,Sr,Si,6.047798161
982,PbZrSrSnO6,Pb,Zr,Sr,Sn,5.909817046
983,PbZrSrTiO6,Pb,Zr,Sr,Ti,4.782362473
984,PbZrTlNbO6,Pb,Zr,Tl,Nb,2.769123763
985,PbZrYAlO6,Pb,Zr,Y,Al,5.580683524
986,RbNbAgNbO6,Rb,Nb,Ag,Nb,3.000554212
987,RbNbBaSnO6,Rb,Nb,Ba,Sn,4.582478857
988,RbNbBaTiO6,Rb,Nb,Ba,Ti,3.825994961
989,RbNbCaGeO6,Rb,Nb,Ca,Ge,4.444933002
990,RbNbCaSiO6,Rb,Nb,Ca,Si,3.961833599
991,RbNbCaSnO6,Rb,Nb,Ca,Sn,4.978006733
992,RbNbCaTiO6,Rb,Nb,Ca,Ti,3.464606286
993,RbNbGaNbO6,Rb,Nb,Ga,Nb,1.501461081
994,RbNbLaAlO6,Rb,Nb,La,Al,4.45268281
995,RbNbLaGaO6,Rb,Nb,La,Ga,4.739790941
996,RbNbLaInO6,Rb,Nb,La,In,4.788646563
997,RbNbLiNbO6,Rb,Nb,Li,Nb,3.132605798
998,RbNbMgTiO6,Rb,Nb,Mg,Ti,3.912256022
999,RbNbNaNbO6,Rb,Nb,Na,Nb,3.104351528
1000,RbNbNaSbO6,Rb,Nb,Na,Sb,4.001396256
1001,RbNbPbTiO6,Rb,Nb,Pb,Ti,3.927842162
1002,RbNbSnTiO6,Rb,Nb,Sn,Ti,2.827129685
1003,RbNbSnZrO6,Rb,Nb,Sn,Zr,3.402918374
1004,RbNbSrGeO6,Rb,Nb,Sr,Ge,4.380221184
1005,RbNbSrSiO6,Rb,Nb,Sr,Si,3.912411102
1006,RbNbSrSnO6,Rb,Nb,Sr,Sn,4.866665774
1007,RbNbSrTiO6,Rb,Nb,Sr,Ti,3.404490411
1008,RbNbTlNbO6,Rb,Nb,Tl,Nb,1.926609234
1009,RbNbTlTaO6,Rb,Nb,Tl,Ta,1.755772218
1010,RbNbYAlO6,Rb,Nb,Y,Al,4.581560313
1011,RbTaAgNbO6,Rb,Ta,Ag,Nb,3.372259
1012,RbTaAgTaO6,Rb,Ta,Ag,Ta,3.912786912
1013,RbTaBaSnO6,Rb,Ta,Ba,Sn,5.005447926
1014,RbTaBaTiO6,Rb,Ta,Ba,Ti,3.725461181
1015,RbTaCaGeO6,Rb,Ta,Ca,Ge,5.172654926
1016,RbTaCaHfO6,Rb,Ta,Ca,Hf,5.344751259
1017,RbTaCaSiO6,Rb,Ta,Ca,Si,5.009983702
1018,RbTaCaSnO6,Rb,Ta,Ca,Sn,5.542419882
1019,RbTaCaTiO6,Rb,Ta,Ca,Ti,4.15025041
1020,RbTaCaZrO6,Rb,Ta,Ca,Zr,5.289425231
1021,RbTaCsNbO6,Rb,Ta,Cs,Nb,3.244169484
1022,RbTaCsVO6,Rb,Ta,Cs,V,2.256230932
1023,RbTaGaNbO6,Rb,Ta,Ga,Nb,1.714926982
1024,RbTaGaTaO6,Rb,Ta,Ga,Ta,2.197091366
1025,RbTaKNbO6,Rb,Ta,K,Nb,3.385357147
1026,RbTaKSbO6,Rb,Ta,K,Sb,4.138193241
1027,RbTaLaAlO6,Rb,Ta,La,Al,5.350370897
1028,RbTaLaGaO6,Rb,Ta,La,Ga,5.68309794
1029,RbTaLaInO6,Rb,Ta,La,In,5.659890797
1030,RbTaLaScO6,Rb,Ta,La,Sc,5.569235185
1031,RbTaLiNbO6,Rb,Ta,Li,Nb,3.503887171
1032,RbTaLiTaO6,Rb,Ta,Li,Ta,4.063775902
1033,RbTaLiVO6,Rb,Ta,Li,V,2.256156773
1034,RbTaMgTiO6,Rb,Ta,Mg,Ti,5.087929236
1035,RbTaMgZrO6,Rb,Ta,Mg,Zr,6.155481471
1036,RbTaNaNbO6,Rb,Ta,Na,Nb,3.480365291
1037,RbTaNaSbO6,Rb,Ta,Na,Sb,4.486824192
1038,RbTaNaTaO6,Rb,Ta,Na,Ta,4.032147769
1039,RbTaNaVO6,Rb,Ta,Na,V,1.992431484
1040,RbTaPbHfO6,Rb,Ta,Pb,Hf,5.152195244
1041,RbTaPbTiO6,Rb,Ta,Pb,Ti,3.863966354
1042,RbTaPbZrO6,Rb,Ta,Pb,Zr,5.061727768
1043,RbTaRbNbO6,Rb,Ta,Rb,Nb,3.324907538
1044,RbTaSnHfO6,Rb,Ta,Sn,Hf,4.788507051
1045,RbTaSnTiO6,Rb,Ta,Sn,Ti,3.187687673
1046,RbTaSnZrO6,Rb,Ta,Sn,Zr,4.738259487
1047,RbTaSrGeO6,Rb,Ta,Sr,Ge,4.886605861
1048,RbTaSrHfO6,Rb,Ta,Sr,Hf,5.101717351
1049,RbTaSrSiO6,Rb,Ta,Sr,Si,4.925639137
1050,RbTaSrSnO6,Rb,Ta,Sr,Sn,5.339337693
1051,RbTaSrTiO6,Rb,Ta,Sr,Ti,3.820417026
1052,RbTaSrZrO6,Rb,Ta,Sr,Zr,5.004836343
1053,RbTaTlNbO6,Rb,Ta,Tl,Nb,1.755690239
1054,RbTaTlTaO6,Rb,Ta,Tl,Ta,2.236308333
1055,RbTaYAlO6,Rb,Ta,Y,Al,5.611690741
1056,SnHfAgNbO6,Sn,Hf,Ag,Nb,3.209983605
1057,SnHfBaSnO6,Sn,Hf,Ba,Sn,5.174115888
1058,SnHfBaTiO6,Sn,Hf,Ba,Ti,4.117569876
1059,SnHfCaGeO6,Sn,Hf,Ca,Ge,4.190195999
1060,SnHfCaSiO6,Sn,Hf,Ca,Si,4.879451562
1061,SnHfCaSnO6,Sn,Hf,Ca,Sn,3.946579171
1062,SnHfCaTiO6,Sn,Hf,Ca,Ti,3.352056245
1063,SnHfCsVO6,Sn,Hf,Cs,V,1.553908766
1064,SnHfGaNbO6,Sn,Hf,Ga,Nb,2.680932059
1065,SnHfGaTaO6,Sn,Hf,Ga,Ta,3.434604475
1066,SnHfInNbO6,Sn,Hf,In,Nb,1.463743255
1067,SnHfKNbO6,Sn,Hf,K,Nb,4.033855052
1068,SnHfLaAlO6,Sn,Hf,La,Al,4.926783336
1069,SnHfLaGaO6,Sn,Hf,La,Ga,4.783226641
1070,SnHfLaInO6,Sn,Hf,La,In,4.45984096
1071,SnHfLiNbO6,Sn,Hf,Li,Nb,3.257029919
1072,SnHfLiVO6,Sn,Hf,Li,V,0.650198371
1073,SnHfMgTiO6,Sn,Hf,Mg,Ti,3.126042499
1074,SnHfNaNbO6,Sn,Hf,Na,Nb,3.140093285
1075,SnHfNaSbO6,Sn,Hf,Na,Sb,4.99990274
1076,SnHfNaVO6,Sn,Hf,Na,V,1.483239949
1077,SnHfPbTiO6,Sn,Hf,Pb,Ti,3.974059783
1078,SnHfRbNbO6,Sn,Hf,Rb,Nb,4.012968027
1079,SnHfSnTiO6,Sn,Hf,Sn,Ti,3.527115883
1080,SnHfSnZrO6,Sn,Hf,Sn,Zr,3.970705007
1081,SnHfSrGeO6,Sn,Hf,Sr,Ge,5.080946049
1082,SnHfSrSiO6,Sn,Hf,Sr,Si,4.896460123
1083,SnHfSrSnO6,Sn,Hf,Sr,Sn,5.171032937
1084,SnHfSrTiO6,Sn,Hf,Sr,Ti,4.144891869
1085,SnHfTlNbO6,Sn,Hf,Tl,Nb,2.709728065
1086,SnHfYAlO6,Sn,Hf,Y,Al,4.336146837
1087,SnTiYAlO6,Sn,Ti,Y,Al,2.700036899
1088,SnZrAgNbO6,Sn,Zr,Ag,Nb,3.229537258
1089,SnZrBaSnO6,Sn,Zr,Ba,Sn,5.135553587
1090,SnZrBaTiO6,Sn,Zr,Ba,Ti,4.111540315
1091,SnZrCaGeO6,Sn,Zr,Ca,Ge,4.991572731
1092,SnZrCaSiO6,Sn,Zr,Ca,Si,4.77896532
1093,SnZrCaSnO6,Sn,Zr,Ca,Sn,5.126303777
1094,SnZrCaTiO6,Sn,Zr,Ca,Ti,3.430578699
1095,SnZrCaZrO6,Sn,Zr,Ca,Zr,4.884594323
1096,SnZrCsVO6,Sn,Zr,Cs,V,1.579963591
1097,SnZrGaNbO6,Sn,Zr,Ga,Nb,2.679548904
1098,SnZrGaTaO6,Sn,Zr,Ga,Ta,3.407617962
1099,SnZrInNbO6,Sn,Zr,In,Nb,1.473774385
1100,SnZrKNbO6,Sn,Zr,K,Nb,4.021001601
1101,SnZrKSbO6,Sn,Zr,K,Sb,4.839100803
1102,SnZrLaAlO6,Sn,Zr,La,Al,4.858929864
1103,SnZrLaGaO6,Sn,Zr,La,Ga,4.692095969
1104,SnZrLaInO6,Sn,Zr,La,In,4.423128282
1105,SnZrLiNbO6,Sn,Zr,Li,Nb,3.330009183
1106,SnZrLiVO6,Sn,Zr,Li,V,1.496601007
1107,SnZrMgTiO6,Sn,Zr,Mg,Ti,3.24826497
1108,SnZrNaNbO6,Sn,Zr,Na,Nb,3.218716099
1109,SnZrNaSbO6,Sn,Zr,Na,Sb,4.940578625
1110,SnZrNaVO6,Sn,Zr,Na,V,1.507160671
1111,SnZrPbTiO6,Sn,Zr,Pb,Ti,3.968205092
1112,SnZrSnTiO6,Sn,Zr,Sn,Ti,3.745150863
1113,SnZrSrGeO6,Sn,Zr,Sr,Ge,5.012190275
1114,SnZrSrSiO6,Sn,Zr,Sr,Si,4.792990418
1115,SnZrSrSnO6,Sn,Zr,Sr,Sn,5.135155814
1116,SnZrSrTiO6,Sn,Zr,Sr,Ti,4.137110462
1117,SnZrTlNbO6,Sn,Zr,Tl,Nb,3.199119137
1118,SnZrTlTaO6,Sn,Zr,Tl,Ta,3.711956415
1119,SnZrYAlO6,Sn,Zr,Y,Al,4.252384233
1120,SrGeAgNbO6,Sr,Ge,Ag,Nb,4.17527143
1121,SrGeCaGeO6,Sr,Ge,Ca,Ge,2.594730579
1122,SrGeCaSiO6,Sr,Ge,Ca,Si,3.610404089
1123,SrGeCaSnO6,Sr,Ge,Ca,Sn,3.176619834
1124,SrGeCaTiO6,Sr,Ge,Ca,Ti,4.854383494
1125,SrGeLaAlO6,Sr,Ge,La,Al,5.326796507
1126,SrGeLaGaO6,Sr,Ge,La,Ga,3.461904133
1127,SrGeLaInO6,Sr,Ge,La,In,3.979319695
1128,SrGeLiVO6,Sr,Ge,Li,V,2.036765745
1129,SrGeMgTiO6,Sr,Ge,Mg,Ti,5.057554717
1130,SrGeSnTiO6,Sr,Ge,Sn,Ti,3.278589306
1131,SrGeYAlO6,Sr,Ge,Y,Al,5.805413062
1132,SrHfAgNbO6,Sr,Hf,Ag,Nb,4.176895192
1133,SrHfAgTaO6,Sr,Hf,Ag,Ta,4.200189633
1134,SrHfBaSnO6,Sr,Hf,Ba,Sn,6.263415327
1135,SrHfBaTiO6,Sr,Hf,Ba,Ti,4.710168434
1136,SrHfCaGeO6,Sr,Hf,Ca,Ge,6.746283956
1137,SrHfCaSiO6,Sr,Hf,Ca,Si,7.294961255
1138,SrHfCaSnO6,Sr,Hf,Ca,Sn,6.436087606
1139,SrHfCaTiO6,Sr,Hf,Ca,Ti,5.06131937
1140,SrHfCsNbO6,Sr,Hf,Cs,Nb,4.252232394
1141,SrHfCsVO6,Sr,Hf,Cs,V,1.925412534
1142,SrHfGaNbO6,Sr,Hf,Ga,Nb,2.752638628
1143,SrHfGaTaO6,Sr,Hf,Ga,Ta,3.492686975
1144,SrHfInNbO6,Sr,Hf,In,Nb,1.472787671
1145,SrHfInTaO6,Sr,Hf,In,Ta,2.142406138
1146,SrHfKNbO6,Sr,Hf,K,Nb,4.334239422
1147,SrHfKSbO6,Sr,Hf,K,Sb,5.652959022
1148,SrHfLaAlO6,Sr,Hf,La,Al,7.008201642
1149,SrHfLaGaO6,Sr,Hf,La,Ga,7.241445283
1150,SrHfLaInO6,Sr,Hf,La,In,6.550766008
1151,SrHfLiNbO6,Sr,Hf,Li,Nb,4.705854233
1152,SrHfLiVO6,Sr,Hf,Li,V,1.971766171
1153,SrHfMgTiO6,Sr,Hf,Mg,Ti,5.499077752
1154,SrHfMgZrO6,Sr,Hf,Mg,Zr,7.474759963
1155,SrHfNaNbO6,Sr,Hf,Na,Nb,4.417036691
1156,SrHfNaSbO6,Sr,Hf,Na,Sb,5.945060913
1157,SrHfNaVO6,Sr,Hf,Na,V,1.95911547
1158,SrHfPbHfO6,Sr,Hf,Pb,Hf,5.913216316
1159,SrHfPbTiO6,Sr,Hf,Pb,Ti,4.806805346
1160,SrHfPbZrO6,Sr,Hf,Pb,Zr,5.85190613
1161,SrHfRbNbO6,Sr,Hf,Rb,Nb,4.283633554
1162,SrHfSnHfO6,Sr,Hf,Sn,Hf,5.167009671
1163,SrHfSnTiO6,Sr,Hf,Sn,Ti,3.490516735
1164,SrHfSnZrO6,Sr,Hf,Sn,Zr,5.142678923
1165,SrHfSrGeO6,Sr,Hf,Sr,Ge,6.492423051
1166,SrHfSrSiO6,Sr,Hf,Sr,Si,7.274729675
1167,SrHfSrSnO6,Sr,Hf,Sr,Sn,6.398151683
1168,SrHfSrTiO6,Sr,Hf,Sr,Ti,4.808535196
1169,SrHfSrZrO6,Sr,Hf,Sr,Zr,6.587499549
1170,SrHfTlNbO6,Sr,Hf,Tl,Nb,2.789967739
1171,SrHfTlTaO6,Sr,Hf,Tl,Ta,3.537462784
1172,SrHfYAlO6,Sr,Hf,Y,Al,7.85475225
1173,SrSiAgNbO6,Sr,Si,Ag,Nb,3.735156221
1174,SrSiCaGeO6,Sr,Si,Ca,Ge,3.591819082
1175,SrSiCaSiO6,Sr,Si,Ca,Si,5.791606342
1176,SrSiCaSnO6,Sr,Si,Ca,Sn,3.879590944
1177,SrSiCaTiO6,Sr,Si,Ca,Ti,4.490676552
1178,SrSiLaAlO6,Sr,Si,La,Al,7.781253229
1179,SrSiLaGaO6,Sr,Si,La,Ga,5.025059286
1180,SrSiLaInO6,Sr,Si,La,In,5.1817765
1181,SrSiLiNbO6,Sr,Si,Li,Nb,4.200926152
1182,SrSiLiVO6,Sr,Si,Li,V,1.55928847
1183,SrSiMgTiO6,Sr,Si,Mg,Ti,5.003049204
1184,SrSiSnTiO6,Sr,Si,Sn,Ti,2.61479547
1185,SrSiSrGeO6,Sr,Si,Sr,Ge,3.06110138
1186,SrSiSrSnO6,Sr,Si,Sr,Sn,3.529644563
1187,SrSiSrTiO6,Sr,Si,Sr,Ti,4.387038008
1188,SrSiYAlO6,Sr,Si,Y,Al,8.103995713
1189,SrSnAgNbO6,Sr,Sn,Ag,Nb,4.236154672
1190,SrSnCaGeO6,Sr,Sn,Ca,Ge,2.579727765
1191,SrSnCaSiO6,Sr,Sn,Ca,Si,3.848751305
1192,SrSnCaSnO6,Sr,Sn,Ca,Sn,3.697927802
1193,SrSnCaTiO6,Sr,Sn,Ca,Ti,4.770072455
1194,SrSnLaAlO6,Sr,Sn,La,Al,5.552495553
1195,SrSnLaGaO6,Sr,Sn,La,Ga,4.088655265
1196,SrSnLaInO6,Sr,Sn,La,In,4.176892582
1197,SrSnMgTiO6,Sr,Sn,Mg,Ti,5.151680803
1198,SrSnSnTiO6,Sr,Sn,Sn,Ti,4.288963447
1199,SrSnSrGeO6,Sr,Sn,Sr,Ge,2.299718075
1200,SrSnSrTiO6,Sr,Sn,Sr,Ti,5.121862654
1201,SrSnYAlO6,Sr,Sn,Y,Al,5.559431157
1202,SrTiAgNbO6,Sr,Ti,Ag,Nb,3.339764295
1203,SrTiCaGeO6,Sr,Ti,Ca,Ge,4.897520596
1204,SrTiCaSiO6,Sr,Ti,Ca,Si,4.487936065
1205,SrTiCaSnO6,Sr,Ti,Ca,Sn,4.770601938
1206,SrTiCaTiO6,Sr,Ti,Ca,Ti,3.931832825
1207,SrTiLaAlO6,Sr,Ti,La,Al,4.975239684
1208,SrTiLaGaO6,Sr,Ti,La,Ga,5.29666036
1209,SrTiLaInO6,Sr,Ti,La,In,5.292661823
1210,SrTiLiNbO6,Sr,Ti,Li,Nb,3.574708867
1211,SrTiLiVO6,Sr,Ti,Li,V,2.701019829
1212,SrTiMgTiO6,Sr,Ti,Mg,Ti,4.740281538
1213,SrTiSnTiO6,Sr,Ti,Sn,Ti,2.822797487
1214,SrTiSrGeO6,Sr,Ti,Sr,Ge,4.676873549
1215,SrTiYAlO6,Sr,Ti,Y,Al,5.292063377
1216,SrZrAgNbO6,Sr,Zr,Ag,Nb,4.138226816
1217,SrZrAgTaO6,Sr,Zr,Ag,Ta,4.170672569
1218,SrZrBaSnO6,Sr,Zr,Ba,Sn,6.427321329
1219,SrZrBaTiO6,Sr,Zr,Ba,Ti,4.674153802
1220,SrZrCaGeO6,Sr,Zr,Ca,Ge,6.200940699
1221,SrZrCaSiO6,Sr,Zr,Ca,Si,6.823548556
1222,SrZrCaSnO6,Sr,Zr,Ca,Sn,6.727992178
1223,SrZrCaTiO6,Sr,Zr,Ca,Ti,5.064483253
1224,SrZrCsNbO6,Sr,Zr,Cs,Nb,4.204970633
1225,SrZrCsVO6,Sr,Zr,Cs,V,2.301070665
1226,SrZrGaNbO6,Sr,Zr,Ga,Nb,2.75034975
1227,SrZrGaTaO6,Sr,Zr,Ga,Ta,3.445174563
1228,SrZrInNbO6,Sr,Zr,In,Nb,1.480554007
1229,SrZrInTaO6,Sr,Zr,In,Ta,2.104380205
1230,SrZrKNbO6,Sr,Zr,K,Nb,4.283561279
1231,SrZrKSbO6,Sr,Zr,K,Sb,5.578868143
1232,SrZrLaAlO6,Sr,Zr,La,Al,6.741766285
1233,SrZrLaGaO6,Sr,Zr,La,Ga,6.999519732
1234,SrZrLaInO6,Sr,Zr,La,In,6.771740807
1235,SrZrLiNbO6,Sr,Zr,Li,Nb,4.959242475
1236,SrZrLiTaO6,Sr,Zr,Li,Ta,5.176051827
1237,SrZrLiVO6,Sr,Zr,Li,V,1.987131612
1238,SrZrMgTiO6,Sr,Zr,Mg,Ti,5.717352915
1239,SrZrMgZrO6,Sr,Zr,Mg,Zr,6.943180739
1240,SrZrNaNbO6,Sr,Zr,Na,Nb,4.375144271
1241,SrZrNaSbO6,Sr,Zr,Na,Sb,5.864816808
1242,SrZrNaVO6,Sr,Zr,Na,V,1.97424218
1243,SrZrPbHfO6,Sr,Zr,Pb,Hf,5.851968532
1244,SrZrPbTiO6,Sr,Zr,Pb,Ti,4.786374901
1245,SrZrPbZrO6,Sr,Zr,Pb,Zr,5.795287748
1246,SrZrRbNbO6,Sr,Zr,Rb,Nb,4.240433077
1247,SrZrSnHfO6,Sr,Zr,Sn,Hf,5.142562912
1248,SrZrSnTiO6,Sr,Zr,Sn,Ti,4.132405402
1249,SrZrSnZrO6,Sr,Zr,Sn,Zr,5.126089659
1250,SrZrSrGeO6,Sr,Zr,Sr,Ge,6.415338434
1251,SrZrSrSiO6,Sr,Zr,Sr,Si,6.767726491
1252,SrZrSrSnO6,Sr,Zr,Sr,Sn,6.667386491
1253,SrZrSrTiO6,Sr,Zr,Sr,Ti,4.765770048
1254,SrZrTlNbO6,Sr,Zr,Tl,Nb,2.796095934
1255,SrZrTlTaO6,Sr,Zr,Tl,Ta,3.494338204
1256,SrZrYAlO6,Sr,Zr,Y,Al,7.46492109
1257,TlNbAgNbO6,Tl,Nb,Ag,Nb,1.863303536
1258,TlNbBaSnO6,Tl,Nb,Ba,Sn,2.988799268
1259,TlNbBaTiO6,Tl,Nb,Ba,Ti,2.22130272
1260,TlNbCaGeO6,Tl,Nb,Ca,Ge,2.121469287
1261,TlNbCaSiO6,Tl,Nb,Ca,Si,1.359093402
1262,TlNbCaSnO6,Tl,Nb,Ca,Sn,3.248956849
1263,TlNbCaTiO6,Tl,Nb,Ca,Ti,1.844661254
1264,TlNbGaNbO6,Tl,Nb,Ga,Nb,1.151941955
1265,TlNbLaAlO6,Tl,Nb,La,Al,2.155799154
1266,TlNbLaGaO6,Tl,Nb,La,Ga,2.713028066
1267,TlNbLaInO6,Tl,Nb,La,In,3.075158113
1268,TlNbLiNbO6,Tl,Nb,Li,Nb,1.438117049
1269,TlNbMgTiO6,Tl,Nb,Mg,Ti,1.737647718
1270,TlNbNaNbO6,Tl,Nb,Na,Nb,1.442237178
1271,TlNbNaSbO6,Tl,Nb,Na,Sb,1.927205191
1272,TlNbSnTiO6,Tl,Nb,Sn,Ti,2.310134428
1273,TlNbSrGeO6,Tl,Nb,Sr,Ge,2.080620924
1274,TlNbSrSiO6,Tl,Nb,Sr,Si,1.42267454
1275,TlNbSrSnO6,Tl,Nb,Sr,Sn,3.155717175
1276,TlNbSrTiO6,Tl,Nb,Sr,Ti,1.525019204
1277,TlNbTlTaO6,Tl,Nb,Tl,Ta,1.496019087
1278,TlNbYAlO6,Tl,Nb,Y,Al,2.005687868
1279,TlTaAgNbO6,Tl,Ta,Ag,Nb,1.792626623
1280,TlTaAgTaO6,Tl,Ta,Ag,Ta,2.28245774
1281,TlTaBaSnO6,Tl,Ta,Ba,Sn,3.305403
1282,TlTaCaGeO6,Tl,Ta,Ca,Ge,2.612967569
1283,TlTaCaSiO6,Tl,Ta,Ca,Si,2.222111758
1284,TlTaCaSnO6,Tl,Ta,Ca,Sn,3.614900816
1285,TlTaCaTiO6,Tl,Ta,Ca,Ti,1.862690557
1286,TlTaCsNbO6,Tl,Ta,Cs,Nb,2.310062164
1287,TlTaGaNbO6,Tl,Ta,Ga,Nb,1.474210517
1288,TlTaKNbO6,Tl,Ta,K,Nb,1.760951658
1289,TlTaKSbO6,Tl,Ta,K,Sb,2.0733894
1290,TlTaLaAlO6,Tl,Ta,La,Al,2.937475473
1291,TlTaLaGaO6,Tl,Ta,La,Ga,3.420622789
1292,TlTaLaInO6,Tl,Ta,La,In,3.687048868
1293,TlTaLiNbO6,Tl,Ta,Li,Nb,1.758171378
1294,TlTaMgTiO6,Tl,Ta,Mg,Ti,2.451618012
1295,TlTaNaNbO6,Tl,Ta,Na,Nb,1.760295096
1296,TlTaNaSbO6,Tl,Ta,Na,Sb,2.276086568
1297,TlTaPbTiO6,Tl,Ta,Pb,Ti,1.898800066
1298,TlTaPbZrO6,Tl,Ta,Pb,Zr,3.507812622
1299,TlTaSnHfO6,Tl,Ta,Sn,Hf,3.505613063
1300,TlTaSnTiO6,Tl,Ta,Sn,Ti,1.850789899
1301,TlTaSrGeO6,Tl,Ta,Sr,Ge,2.425121676
1302,TlTaSrSiO6,Tl,Ta,Sr,Si,2.29747616
1303,TlTaSrSnO6,Tl,Ta,Sr,Sn,3.507231154
1304,TlTaSrTiO6,Tl,Ta,Sr,Ti,1.87716885
1305,TlTaYAlO6,Tl,Ta,Y,Al,2.819711084
